Country code,StateCode,StateName
AD,2,Canillo
AD,4,La Massana
AD,3,Encamp
AD,7,Andorra la Vella
AD,5,Ordino
AD,6,Sant Julia de Loria
AD,8,Escaldes Engordany
AE,6,Sharjah
AE,7,Umm Al Quwain
AE,5,Ras Al Khaimah
AE,3,Dubai
AE,4,Fujairah
AE,1,Abu Dhabi
AE,2,Ajman
AF,40,Parvan
AF,13,Kabol
AF,26,Takhar
AF,14,Kapisa
AF,10,Helmand
AF,27,Vardak
AF,39,Oruzgan
AF,42,Panjshir
AF,33,Sar e Pol
AF,28,Zabol
AF,17,Lowgar
AF,3,Baghlan
AF,41,Daykondi
AF,23,Kandahar
AF,6,Farah
AF,36,Paktia
AF,24,Kondoz
AF,7,Faryab
AF,5,Bamian
AF,18,Nangarhar
AF,31,Jowzjan
AF,1,Badakhshan
AF,8,Ghazni
AF,30,Balkh
AF,11,Herat
AF,2,Badghis
AF,34,Konar
AF,19,Nimruz
AF,9,Ghowr
AF,32,Samangan
AF,38,Nurestan
AF,29,Paktika
AF,37,Khowst
AF,35,Laghman
AG,5,Saint Mary
AG,3,Saint George
AG,4,Saint John
AG,1,Barbuda
AG,7,Saint Peter
AG,8,Saint Philip
AG,6,Saint Paul
AG,9,Redonda
AL,43,Elbasan
AL,51,Vlore
AL,46,Korce
AL,50,Tirane
AL,42,Durres
AL,40,Berat
AL,47,Kukes
AL,45,Gjirokaster
AL,49,Shkoder
AL,44,Fier
AL,48,Lezhe
AL,41,Diber
AM,2,Ararat
AM,4,Geghark'unik'
AM,11,Yerevan
AM,8,Syunik'
AM,1,Aragatsotn
AM,9,Tavush
AM,10,Vayots' Dzor
AM,7,Shirak
AM,5,Kotayk'
AM,6,Lorri
AM,3,Armavir
AO,14,Moxico
AO,20,Luanda
AO,1,Benguela
AO,8,Huambo
AO,18,Lunda Sul
AO,12,Malanje
AO,13,Namibe
AO,9,Huila
AO,2,Bie
AO,7,Cunene
AO,6,Cuanza Sul
AO,16,Zaire
AO,5,Cuanza Norte
AO,19,Bengo
AO,17,Lunda Norte
AO,4,Cuando Cubango
AO,15,Uige
AO,3,Cabinda
AR,14,Misiones
AR,4,Chubut
AR,16,Rio Negro
AR,10,Jujuy
AR,9,Formosa
AR,18,San Juan
AR,22,Santiago del Estero
AR,19,San Luis
AR,23,Tierra del Fuego
AR,6,Corrientes
AR,15,Neuquen
AR,1,Buenos Aires
AR,17,Salta
AR,3,Chaco
AR,13,Mendoza
AR,12,La Rioja
AR,11,La Pampa
AR,8,Entre Rios
AR,5,Cordoba
AR,2,Catamarca
AR,21,Santa Fe
AR,24,Tucuman
AR,7,Distrito Federal
AR,20,Santa Cruz
AT,7,Tirol
AT,1,Burgenland
AT,9,Wien
AT,2,Karnten
AT,8,Vorarlberg
AT,5,Salzburg
AT,4,Oberosterreich
AT,3,Niederosterreich
AT,6,Steiermark
AU,8,Western Australia
AU,7,Victoria
AU,6,Tasmania
AU,3,Northern Territory
AU,5,South Australia
AU,2,New South Wales
AU,4,Queensland
AU,1,Australian Capital Territory
AZ,61,Xankandi
AZ,13,Bilasuvar
AZ,14,Cabrayil
AZ,15,Calilabad
AZ,70,Zaqatala
AZ,21,Goranboy
AZ,3,Agdam
AZ,42,Quba
AZ,64,Xocali
AZ,5,Agstafa
AZ,29,Lankaran
AZ,52,Samux
AZ,20,Ganca
AZ,44,Qusar
AZ,23,Haciqabul
AZ,33,Mingacevir
AZ,32,Masalli
AZ,8,Astara
AZ,2,Agcabadi
AZ,66,Yardimli
AZ,65,Xocavand
AZ,51,Samkir
AZ,34,Naftalan
AZ,9,Baki
AZ,1,Abseron
AZ,28,Lacin
AZ,39,Qax
AZ,48,Saki
AZ,40,Qazax
AZ,41,Qobustan
AZ,25,Ismayilli
AZ,19,Gadabay
AZ,18,Fuzuli
AZ,37,Oguz
AZ,50,Samaxi
AZ,24,Imisli
AZ,69,Zangilan
AZ,11,Barda
AZ,62,Xanlar
AZ,22,Goycay
AZ,26,Kalbacar
AZ,43,Qubadli
AZ,63,Xizi
AZ,4,Agdas
AZ,71,Zardab
AZ,57,Tartar
AZ,49,Salyan
AZ,67,Yevlax
AZ,31,Lerik
AZ,12,Beylaqan
AZ,36,Neftcala
AZ,30,Lankaran
AZ,16,Daskasan
AZ,7,Ali Bayramli
AZ,10,Balakan
AZ,47,Saki
AZ,68,Yevlax
AZ,6,Agsu
AZ,17,Davaci
AZ,54,Sumqayit
AZ,35,Naxcivan
AZ,46,Sabirabad
AZ,38,Qabala
AZ,60,Xacmaz
AZ,58,Tovuz
AZ,59,Ucar
AZ,53,Siyazan
AZ,55,Susa
AZ,56,Susa
AZ,27,Kurdamir
AZ,45,Saatli
BA,1,Federation of Bosnia and Herzegovina
BA,2,Republika Srpska
BA,3,Brcko District
BB,10,Saint Philip
BB,7,Saint Lucy
BB,8,Saint Michael
BB,2,Saint Andrew
BB,3,Saint George
BB,5,Saint John
BB,11,Saint Thomas
BB,4,Saint James
BB,6,Saint Joseph
BB,9,Saint Peter
BB,1,Christ Church
BD,81,Dhaka
BD,87,Rangpur
BD,85,Barisal
BD,84,Chittagong
BD,86,Sylhet
BD,83,Rajshahi
BD,82,Khulna
BE,6,Luxembourg
BE,9,West Vlaanderen
BE,3,Hainaut
BE,7,Namur
BE,8,Oost Vlaanderen
BE,10,Brabant Wallon
BE,14,Wallonia
BE,13,Flanders
BE,12,Vlaams Brabant
BE,11,Brussels Hoofdstedelijk Gewest
BE,5,Limburg
BE,1,Antwerpen
BE,4,Liege
BF,67,Noumbiel
BF,70,Sanmatenga
BF,77,Ziro
BF,64,Namentenga
BF,42,Tapoa
BF,47,Bazega
BF,71,Seno
BF,53,Kadiogo
BF,75,Yagha
BF,66,Nayala
BF,60,Kourweogo
BF,62,Loroum
BF,44,Zoundweogo
BF,28,Kouritenga
BF,61,Leraba
BF,78,Zondoma
BF,63,Mouhoun
BF,49,Boulgou
BF,21,Gnagna
BF,54,Kenedougou
BF,40,Soum
BF,68,Oubritenga
BF,55,Komoe
BF,36,Sanguie
BF,72,Sissili
BF,46,Banwa
BF,34,Passore
BF,59,Koulpelogo
BF,20,Ganzourgou
BF,51,Houet
BF,76,Yatenga
BF,69,Poni
BF,15,Bam
BF,33,Oudalan
BF,19,Boulkiemde
BF,56,Komondjari
BF,57,Kompienga
BF,73,Sourou
BF,50,Gourma
BF,58,Kossi
BF,45,Bale
BF,52,Ioba
BF,74,Tuy
BF,48,Bougouriba
BF,65,Naouri
BG,58,Sofiya
BG,54,Shumen
BG,55,Silistra
BG,57,Smolyan
BG,46,Lovech
BG,47,Montana
BG,62,Veliko Turnovo
BG,43,Khaskovo
BG,56,Sliven
BG,39,Burgas
BG,59,Stara Zagora
BG,38,Blagoevgrad
BG,64,Vratsa
BG,51,Plovdiv
BG,44,Kurdzhali
BG,40,Dobrich
BG,45,Kyustendil
BG,61,Varna
BG,42,Grad Sofiya
BG,52,Razgrad
BG,49,Pernik
BG,48,Pazardzhik
BG,33,Mikhaylovgrad
BG,41,Gabrovo
BG,50,Pleven
BG,63,Vidin
BG,53,Ruse
BG,65,Yambol
BG,60,Turgovishte
BH,1,Al Hadd
BH,12,Madinat
BH,5,Jidd Hafs
BH,10,Al Mintaqah ash Shamaliyah
BH,8,Al Mintaqah al Gharbiyah
BH,16,Al Asimah
BH,18,Ash Shamaliyah
BH,13,Ar Rifa
BH,9,Mintaqat Juzur Hawar
BH,14,Madinat Hamad
BH,2,Al Manamah
BH,11,Al Mintaqah al Wusta
BH,6,Sitrah
BH,19,Al Wusta
BH,15,Al Muharraq
BH,17,Al Janubiyah
BI,13,Gitega
BI,16,Kirundo
BI,21,Ruyigi
BI,10,Bururi
BI,20,Rutana
BI,17,Makamba
BI,23,Mwaro
BI,15,Kayanza
BI,22,Muramvya
BI,18,Muyinga
BI,2,Bujumbura
BI,11,Cankuzo
BI,14,Karuzi
BI,12,Cibitoke
BI,19,Ngozi
BI,9,Bubanza
BJ,9,Atlanyique
BJ,15,Mono
BJ,10,Borgou
BJ,13,Donga
BJ,7,Alibori
BJ,14,Littoral
BJ,16,Oueme
BJ,18,Zou
BJ,17,Plateau
BJ,12,Kouffo
BJ,8,Atakora
BJ,11,Collines
BM,2,Hamilton
BM,9,Smiths
BM,1,Devonshire
BM,10,Southampton
BM,6,Saint George
BM,3,Hamilton
BM,7,Saint George's
BM,11,Warwick
BM,5,Pembroke
BM,8,Sandys
BM,4,Paget
BN,11,Collines
BN,12,Kouffo
BN,14,Littoral
BN,17,Plateau
BN,18,Zou
BN,7,Alibori
BN,13,Donga
BN,15,Tutong
BN,8,Belait
BN,9,Brunei and Muara
BN,10,Temburong
BN,16,Oueme
BO,7,Potosi
BO,9,Tarija
BO,4,La Paz
BO,2,Cochabamba
BO,8,Santa Cruz
BO,1,Chuquisaca
BO,3,El Beni
BO,5,Oruro
BO,6,Pando
BR,30,Pernambuco
BR,31,Tocantins
BR,22,Rio Grande do Norte
BR,16,Para
BR,21,Rio de Janeiro
BR,28,Sergipe
BR,5,Bahia
BR,11,Mato Grosso do Sul
BR,6,Ceara
BR,26,Santa Catarina
BR,13,Maranhao
BR,24,Rondonia
BR,7,Distrito Federal
BR,3,Amapa
BR,15,Minas Gerais
BR,18,Parana
BR,2,Alagoas
BR,17,Paraiba
BR,20,Piaui
BR,1,Acre
BR,29,Goias
BR,8,Espirito Santo
BR,25,Roraima
BR,14,Mato Grosso
BR,27,Sao Paulo
BR,4,Amazonas
BR,23,Rio Grande do Sul
BS,16,Mayaguana
BS,15,Long Island
BS,27,Governor's Harbour
BS,5,Bimini
BS,35,San Salvador and Rum Cay
BS,13,Inagua
BS,22,Harbour Island
BS,29,High Rock
BS,33,Rock Sound
BS,26,Fresh Creek
BS,10,Exuma
BS,25,Freeport
BS,23,New Providence
BS,30,Kemps Bay
BS,31,Marsh Harbour
BS,18,Ragged Island
BS,6,Cat Island
BS,24,Acklins and Crooked Islands
BS,28,Green Turtle Cay
BS,34,Sandy Point
BS,32,Nichollstown and Berry Islands
BT,9,Geylegphug
BT,8,Daga
BT,16,Samchi
BT,17,Samdrup
BT,19,Tashigang
BT,15,Punakha
BT,12,Mongar
BT,7,Chirang
BT,13,Paro
BT,21,Tongsa
BT,10,Ha
BT,22,Wangdi Phodrang
BT,11,Lhuntshi
BT,20,Thimphu
BT,18,Shemgang
BT,14,Pemagatsel
BT,5,Bumthang
BT,6,Chhukha
BW,1,Central
BW,5,Kgatleng
BW,4,Kgalagadi
BW,10,Southern
BW,9,South East
BW,3,Ghanzi
BW,11,North West
BW,8,North East
BW,6,Kweneng
BY,6,Mahilyowskaya Voblasts'
BY,1,Brestskaya Voblasts'
BY,5,Minskaya Voblasts'
BY,4,Minsk
BY,7,Vitsyebskaya Voblasts'
BY,2,Homyel'skaya Voblasts'
BY,3,Hrodzyenskaya Voblasts'
BZ,1,Belize
BZ,2,Cayo
BZ,3,Corozal
BZ,4,Orange Walk
BZ,6,Toledo
BZ,5,Stann Creek
CA,MB,Manitoba
CA,NB,New Brunswick
CA,BC,British Columbia
CA,NL,Newfoundland
CA,SK,Saskatchewan
CA,PE,Prince Edward Island
CA,AB,Alberta
CA,NT,Northwest Territories
CA,NU,Nunavut
CA,NS,Nova Scotia
CA,QC,Quebec
CA,YT,Yukon Territory
CA,ON,Ontario
CD,2,Equateur
CD,10,Maniema
CD,9,Orientale
CD,8,Bas Congo
CD,12,Sud Kivu
CD,5,Katanga
CD,11,Nord Kivu
CD,1,Bandundu
CD,6,Kinshasa
CD,4,Kasai Oriental
CF,11,Ouaka
CF,17,Ombella Mpoko
CF,16,Sangha Mbaere
CF,1,Bamingui Bangoran
CF,5,Haut Mbomou
CF,13,Ouham Pende
CF,12,Ouham
CF,4,Mambere Kadei
CF,18,Bangui
CF,3,Haute Kotto
CF,2,Basse Kotto
CF,8,Mbomou
CF,15,Nana Grebizi
CF,7,Lobaye
CF,14,Cuvette Ouest
CF,6,Kemo
CF,9,Nana Mambere
CG,14,Cuvette Ouest
CG,13,Cuvette
CG,11,Pool
CG,10,Sangha
CG,6,Likouala
CG,8,Plateaux
CG,4,Kouilou
CG,7,Niari
CG,1,Bouenza
CG,5,Lekoumou
CG,12,Brazzaville
CH,16,Schaffhausen
CH,23,Vaud
CH,7,Geneve
CH,20,Ticino
CH,21,Uri
CH,14,Obwalden
CH,26,Jura
CH,4,Basel Stadt
CH,19,Thurgau
CH,1,Aargau
CH,2,Ausser Rhoden
CH,6,Fribourg
CH,13,Nidwalden
CH,11,Luzern
CH,24,Zug
CH,12,Neuchatel
CH,3,Basel Landschaft
CH,5,Bern
CH,15,Sankt Gallen
CH,9,Graubunden
CH,22,Valais
CH,10,Inner Rhoden
CH,8,Glarus
CH,17,Schwyz
CH,18,Solothurn
CH,25,Zurich
CI,80,Haut Sassandra
CI,91,Worodougou
CI,77,Denguele
CI,87,Savanes
CI,85,Moyen Comoe
CI,83,Marahoue
CI,79,Fromager
CI,92,Zanzan
CI,89,Sud Comoe
CI,74,Agneby
CI,81,Lacs
CI,82,Lagunes
CI,78,Dix Huit Montagnes
CI,88,Sud Bandama
CI,90,Vallee du Bandama
CI,76,Bas Sassandra
CI,86,N'zi Comoe
CI,75,Bafing
CI,84,Moyen Cavally
CL,6,Bio Bio
CL,9,Los Lagos
CL,12,Region Metropolitana
CL,8,Libertador General Bernardo O'Higgins
CL,4,Araucania
CL,14,Los Lagos
CL,3,Antofagasta
CL,1,Valparaiso
CL,5,Atacama
CL,7,Coquimbo
CL,17,Los Rios
CL,10,Magallanes y de la Antartica Chilena
CL,16,Arica y Parinacota
CL,13,Tarapaca
CL,2,Aisen del General Carlos Ibanez del Campo
CL,15,Tarapaca
CL,11,Maule
CM,5,Littoral
CM,13,Nord
CM,11,Centre
CM,4,Est
CM,9,Sud Ouest
CM,12,Extreme Nord
CM,14,Sud
CM,8,Ouest
CM,7,Nord Ouest
CM,10,Adamaoua
CN,29,Yunnan
CN,6,Qinghai
CN,24,Shanxi
CN,5,Jilin
CN,12,Hubei
CN,16,Guangxi
CN,9,Henan
CN,13,Xinjiang
CN,2,Zhejiang
CN,28,Tianjin
CN,7,Fujian
CN,20,Nei Mongol
CN,18,Guizhou
CN,21,Ningxia
CN,22,Beijing
CN,4,Jiangsu
CN,19,Liaoning
CN,32,Sichuan
CN,25,Shandong
CN,10,Hebei
CN,23,Shanghai
CN,14,Xizang
CN,26,Shaanxi
CN,8,Heilongjiang
CN,33,Chongqing
CN,11,Hunan
CN,15,Gansu
CN,3,Jiangxi
CN,1,Anhui
CN,31,Hainan
CN,30,Guangdong
CO,32,Casanare
CO,35,Bolivar
CO,10,Cesar
CO,37,Caldas
CO,22,Putumayo
CO,30,Vaupes
CO,16,Huila
CO,23,Quindio
CO,3,Arauca
CO,12,Cordoba
CO,2,Antioquia
CO,26,Santander
CO,36,Boyaca
CO,24,Risaralda
CO,29,Valle del Cauca
CO,17,La Guajira
CO,27,Sucre
CO,25,San Andres y Providencia
CO,33,Cundinamarca
CO,8,Caqueta
CO,38,Magdalena
CO,4,Atlantico
CO,19,Meta
CO,20,Narino
CO,34,Distrito Especial
CO,28,Tolima
CO,9,Cauca
CO,1,Amazonas
CO,31,Vichada
CO,11,Choco
CO,15,Guainia
CO,14,Guaviare
CO,21,Norte de Santander
CR,4,Heredia
CR,1,Alajuela
CR,6,Limon
CR,8,San Jose
CR,3,Guanacaste
CR,7,Puntarenas
CR,2,Cartago
CU,15,Santiago de Cuba
CU,3,Matanzas
CU,4,Isla de la Juventud
CU,12,Holguin
CU,14,Sancti Spiritus
CU,13,Las Tunas
CU,16,Villa Clara
CU,5,Camaguey
CU,1,Pinar del Rio
CU,10,Guantanamo
CU,2,Ciudad de la Habana
CU,11,La Habana
CU,9,Granma
CU,8,Cienfuegos
CU,7,Ciego de Avila
CV,4,Maio
CV,10,Sao Nicolau
CV,16,Santa Cruz
CV,11,Sao Vicente
CV,15,Santa Catarina
CV,1,Boa Vista
CV,14,Praia
CV,13,Mosteiros
CV,5,Paul
CV,18,Sao Filipe
CV,7,Ribeira Grande
CV,2,Brava
CV,8,Sal
CV,20,Tarrafal
CV,17,Sao Domingos
CV,19,Sao Miguel
CY,4,Nicosia
CY,1,Famagusta
CY,6,Paphos
CY,5,Limassol
CY,2,Kyrenia
CY,3,Larnaca
CZ,85,Moravskoslezsky kraj
CZ,81,Karlovarsky kraj
CZ,78,Jihomoravsky kraj
CZ,52,Hlavni mesto Praha
CZ,86,Pardubicky kraj
CZ,79,Jihocesky kraj
CZ,88,Stredocesky kraj
CZ,84,Olomoucky kraj
CZ,82,Kralovehradecky kraj
CZ,80,Vysocina
CZ,90,Zlinsky kraj
CZ,83,Liberecky kraj
CZ,89,Ustecky kraj
CZ,87,Plzensky kraj
DE,3,Bremen
DE,13,Sachsen
DE,7,Nordrhein Westfalen
DE,11,Brandenburg
DE,6,Niedersachsen
DE,16,Berlin
DE,10,Schleswig Holstein
DE,9,Saarland
DE,15,Thuringen
DE,4,Hamburg
DE,14,Sachsen Anhalt
DE,8,Rheinland Pfalz
DE,5,Hessen
DE,12,Mecklenburg Vorpommern
DE,2,Bayern
DE,1,Baden Wurttemberg
DJ,5,Tadjoura
DJ,6,Dikhil
DJ,4,Obock
DJ,7,Djibouti
DJ,1,Ali Sabieh
DJ,8,Arta
DK,17,Hovedstaden
DK,18,Midtjylland
DK,21,Syddanmark
DK,20,Sjelland
DK,19,Nordjylland
DM,5,Saint John
DM,10,Saint Paul
DM,9,Saint Patrick
DM,6,Saint Joseph
DM,2,Saint Andrew
DM,8,Saint Mark
DM,3,Saint David
DM,7,Saint Luke
DM,11,Saint Peter
DM,4,Saint George
DO,18,Puerto Plata
DO,34,Distrito Nacional
DO,37,Santo Domingo
DO,36,San Jose de Ocoa
DO,4,Dajabon
DO,25,Santiago
DO,21,Sanchez Ramirez
DO,20,Samana
DO,28,El Seibo
DO,16,Pedernales
DO,11,Elias Pina
DO,30,La Vega
DO,6,Duarte
DO,8,Espaillat
DO,33,San Cristobal
DO,31,Monsenor Nouel
DO,29,Hato Mayor
DO,2,Baoruco
DO,32,Monte Plata
DO,5,Distrito Nacional
DO,14,Maria Trinidad Sanchez
DO,9,Independencia
DO,35,Peravia
DO,3,Barahona
DO,12,La Romana
DO,24,San Pedro De Macoris
DO,27,Valverde
DO,23,San Juan
DO,17,Peravia
DO,10,La Altagracia
DO,19,Salcedo
DO,15,Monte Cristi
DO,1,Azua
DO,26,Santiago Rodriguez
DZ,55,Tipaza
DZ,26,Mascara
DZ,37,Annaba
DZ,4,Constantine
DZ,6,Medea
DZ,51,Relizane
DZ,36,Ain Temouchent
DZ,10,Saida
DZ,31,Skikda
DZ,49,Naama
DZ,20,Blida
DZ,7,Mostaganem
DZ,27,M'sila
DZ,52,Souk Ahras
DZ,29,Oum el Bouaghi
DZ,56,Tissemsilt
DZ,24,Jijel
DZ,22,Djelfa
DZ,45,Ghardaia
DZ,35,Ain Defla
DZ,50,Ouargla
DZ,21,Bouira
DZ,13,Tiaret
DZ,39,Bordj Bou Arreridj
DZ,46,Illizi
DZ,9,Oran
DZ,12,Setif
DZ,19,Biskra
DZ,14,Tizi Ouzou
DZ,3,Batna
DZ,38,Bechar
DZ,1,Alger
DZ,15,Tlemcen
DZ,54,Tindouf
DZ,48,Mila
DZ,30,Sidi Bel Abbes
DZ,43,El Oued
DZ,34,Adrar
DZ,18,Bejaia
DZ,42,El Bayadh
DZ,23,Guelma
DZ,47,Khenchela
DZ,25,Laghouat
DZ,41,Chlef
DZ,44,El Tarf
DZ,40,Boumerdes
DZ,53,Tamanghasset
DZ,33,Tebessa
EC,17,Pastaza
EC,23,Napo
EC,13,Los Rios
EC,19,Tungurahua
EC,24,Orellana
EC,9,Esmeraldas
EC,22,Sucumbios
EC,8,El Oro
EC,5,Carchi
EC,11,Imbabura
EC,18,Pichincha
EC,1,Galapagos
EC,20,Zamora Chinchipe
EC,4,Canar
EC,7,Cotopaxi
EC,6,Chimborazo
EC,14,Manabi
EC,15,Morona Santiago
EC,10,Guayas
EC,3,Bolivar
EC,12,Loja
EC,2,Azuay
EE,5,Jogevamaa
EE,1,Harjumaa
EE,18,Tartumaa
EE,10,Parnu
EE,6,Kohtla Jarve
EE,19,Valgamaa
EE,11,Parnumaa
EE,4,Jarvamaa
EE,14,Saaremaa
EE,7,Laanemaa
EE,8,Laane Virumaa
EE,21,Vorumaa
EE,20,Viljandimaa
EE,17,Tartu
EE,2,Hiiumaa
EE,15,Sillamae
EE,9,Narva
EE,13,Raplamaa
EE,3,Ida Virumaa
EE,12,Polvamaa
EE,16,Tallinn
EG,17,Asyut
EG,10,Al Minya
EG,24,Suhaj
EG,13,Al Wadi al Jadid
EG,22,Matruh
EG,14,Ash Sharqiyah
EG,2,Al Bahr al Ahmar
EG,9,Al Minufiyah
EG,4,Al Fayyum
EG,5,Al Gharbiyah
EG,3,Al Buhayrah
EG,16,Aswan
EG,27,Shamal Sina'
EG,26,Janub Sina'
EG,19,Bur Sa'id
EG,21,Kafr ash Shaykh
EG,6,Al Iskandariyah
EG,23,Qina
EG,12,Al Qalyubiyah
EG,8,Al Jizah
EG,20,Dumyat
EG,7,Al Isma'iliyah
EG,11,Al Qahirah
EG,18,Bani Suwayf
EG,1,Ad Daqahliyah
EG,15,As Suways
EG,28,Al Uqsur
ER,1,Anseba
ER,2,Debub
ER,4,Gash Barka
ER,3,Debubawi K'eyih Bahri
ER,5,Ma'akel
ER,6,Semenawi K'eyih Bahri
ES,58,Galicia
ES,59,Pais Vasco
ES,53,Canarias
ES,57,Extremadura
ES,34,Asturias
ES,32,Navarra
ES,7,Islas Baleares
ES,31,Murcia
ES,51,Andalucia
ES,29,Madrid
ES,56,Catalonia
ES,54,Castilla La Mancha
ES,39,Cantabria
ES,60,Comunidad Valenciana
ES,55,Castilla y Leon
ES,52,Aragon
ES,27,La Rioja
ET,45,Afar
ET,54,YeDebub Biheroch Bihereseboch na Hizboch
ET,52,Sumale
ET,46,Amara
ET,48,Dire Dawa
ET,44,Adis Abeba
ET,49,Gambela Hizboch
ET,51,Oromiya
ET,53,Tigray
ET,50,Hareri Hizb
ET,47,Binshangul Gumuz
FI,1,Aland
FI,13,Southern Finland
FI,14,Eastern Finland
FI,15,Western Finland
FI,8,Oulu
FI,6,Lapland
FJ,2,Eastern
FJ,5,Western
FJ,1,Central
FJ,4,Rotuma
FJ,3,Northern
FM,2,Pohnpei
FM,1,Kosrae
FM,3,Chuuk
FM,4,Yap
FR,B8,Provence Alpes Cote d'Azur
FR,98,Auvergne
FR,B5,Pays de la Loire
FR,B9,Rhone Alpes
FR,B1,Limousin
FR,97,Aquitaine
FR,B4,Nord Pas de Calais
FR,99,Basse Normandie
FR,A1,Bourgogne
FR,B3,Midi Pyrenees
FR,A7,Haute Normandie
FR,A6,Franche Comte
FR,B2,Lorraine
FR,A5,Corse
FR,B6,Picardie
FR,B7,Poitou Charentes
FR,A3,Centre
FR,A9,Languedoc Roussillon
FR,C1,Alsace
FR,A2,Bretagne
FR,A8,Ile de France
FR,A4,Champagne Ardenne
GA,5,Nyanga
GA,1,Estuaire
GA,9,Woleu Ntem
GA,2,Haut Ogooue
GA,8,Ogooue Maritime
GA,7,Ogooue Lolo
GA,6,Ogooue Ivindo
GA,3,Moyen Ogooue
GA,4,Ngounie
GB,K6,Portsmouth
GB,N1,St. Helens
GB,M4,Southampton
GB,W6,Stirling
GB,T9,"Scottish Borders, The"
GB,Y9,Rhondda Cynon Taff
GB,M8,Southwark
GB,C9,Cumbria
GB,F2,Hampshire
GB,F3,Haringey
GB,W2,Renfrewshire
GB,U1,Clackmannanshire
GB,R9,Down
GB,R4,Carrickfergus
GB,A4,Bath and North East Somerset
GB,G6,"Kingston upon Hull, City of"
GB,G4,Kensington and Chelsea
GB,Q1,Wirral
GB,K1,Oldham
GB,M9,Staffordshire
GB,P9,Windsor and Maidenhead
GB,D1,Darlington
GB,F1,Hammersmith and Fulham
GB,K5,Poole
GB,R8,Craigavon
GB,D5,Doncaster
GB,N6,Sunderland
GB,V2,Glasgow City
GB,U8,"Edinburgh, City of"
GB,Y3,Merthyr Tydfil
GB,R1,Ballymoney
GB,Q9,Ballymena
GB,F6,Havering
GB,Q8,Armagh
GB,W7,West Dunbartonshire
GB,N7,Surrey
GB,Y7,Pembrokeshire
GB,I8,Newham
GB,R7,Cookstown
GB,K3,Peterborough
GB,F5,Hartlepool
GB,G8,Kirklees
GB,P2,Warrington
GB,I4,Merton
GB,T6,Aberdeenshire
GB,J2,North East Lincolnshire
GB,O7,Wakefield
GB,J7,North Yorkshire
GB,O6,Trafford
GB,Q5,York
GB,E7,Greenwich
GB,T4,Strabane
GB,F7,Herefordshire
GB,H1,Lambeth
GB,F8,Hertford
GB,Y6,Newport
GB,E5,Gateshead
GB,G1,Hounslow
GB,C7,Coventry
GB,D4,Devon
GB,A7,Birmingham
GB,Y4,Monmouthshire
GB,V5,Midlothian
GB,O2,Telford and Wrekin
GB,U5,East Dunbartonshire
GB,R3,Belfast
GB,J3,North Lincolnshire
GB,I9,Norfolk
GB,M6,South Gloucestershire
GB,Z5,Bedfordshire
GB,X5,Cardiff
GB,J6,Northumberland
GB,X3,Bridgend
GB,L8,Sefton
GB,N4,Stoke on Trent
GB,V3,Highland
GB,B1,Bolton
GB,J1,Northamptonshire
GB,A8,Blackburn with Darwen
GB,G9,Knowsley
GB,E1,East Riding of Yorkshire
GB,F4,Harrow
GB,X9,Denbighshire
GB,A5,Bedfordshire
GB,Z4,Wrexham
GB,X6,Ceredigion
GB,L3,Rotherham
GB,Y1,Flintshire
GB,I7,Newcastle upon Tyne
GB,D2,Derby
GB,S4,Limavady
GB,O5,Tower Hamlets
GB,E3,Enfield
GB,G5,Kent
GB,B3,Bracknell Forest
GB,H8,Liverpool
GB,M7,South Tyneside
GB,S9,Newry and Mourne
GB,X8,Conwy
GB,K4,Plymouth
GB,V1,Fife
GB,B8,Bromley
GB,Z6,Central Bedfordshire
GB,K2,Oxfordshire
GB,Q7,Ards
GB,U9,Falkirk
GB,U6,East Lothian
GB,L6,Shropshire
GB,W5,South Lanarkshire
GB,T1,Newtownabbey
GB,V9,Orkney
GB,P3,Warwickshire
GB,Z2,Torfaen
GB,S5,Lisburn
GB,R5,Castlereagh
GB,V8,North Lanarkshire
GB,F9,Hillingdon
GB,P8,Wiltshire
GB,N2,Stockport
GB,P4,West Berkshire
GB,L2,Rochdale
GB,B4,Bradford
GB,V7,North Ayrshire
GB,W1,Perth and Kinross
GB,S8,Moyle
GB,A9,Blackpool
GB,T3,Omagh
GB,N9,Swindon
GB,I2,Manchester
GB,S1,Dungannon
GB,T2,North Down
GB,U3,Dundee City
GB,M5,Southend on Sea
GB,D9,Ealing
GB,C8,Croydon
GB,B7,"Bristol, City of"
GB,E6,Gloucestershire
GB,J5,North Tyneside
GB,A1,Barking and Dagenham
GB,M2,Solihull
GB,H6,Lewisham
GB,H5,Leicestershire
GB,L9,Sheffield
GB,S3,Larne
GB,H4,Leicester
GB,D6,Dorset
GB,M1,Slough
GB,D8,Durham
GB,G7,Kingston upon Thames
GB,Y2,Gwynedd
GB,Y5,Neath Port Talbot
GB,N5,Suffolk
GB,B6,Brighton and Hove
GB,M3,Somerset
GB,D7,Dudley
GB,R6,Coleraine
GB,S6,Derry
GB,J9,Nottinghamshire
GB,J8,Nottingham
GB,B5,Brent
GB,C6,Cornwall
GB,A3,Barnsley
GB,W9,West Lothian
GB,L7,Sandwell
GB,U2,Dumfries and Galloway
GB,H9,"London, City of"
GB,V6,Moray
GB,Y8,Powys
GB,X7,Carmarthenshire
GB,O1,Tameside
GB,N3,Stockton on Tees
GB,X4,Caerphilly
GB,C2,Calderdale
GB,C5,Cheshire
GB,Z7,Cheshire East
GB,Q3,Wolverhampton
GB,O9,Waltham Forest
GB,Q6,Antrim
GB,H2,Lancashire
GB,E4,Essex
GB,I6,Milton Keynes
GB,A6,Bexley
GB,W3,Shetland Islands
GB,G3,Islington
GB,I1,Luton
GB,W4,South Ayrshire
GB,L4,Rutland
GB,C1,Bury
GB,T8,Argyll and Bute
GB,N8,Sutton
GB,R2,Banbridge
GB,P1,Wandsworth
GB,G2,Isle of Wight
GB,H3,Leeds
GB,A2,Barnet
GB,P5,Westminster
GB,Z9,Isles of Scilly
GB,K9,Redcar and Cleveland
GB,S7,Magherafelt
GB,U4,East Ayrshire
GB,E9,Halton
GB,Q4,Worcestershire
GB,W8,Eilean Siar
GB,J4,North Somerset
GB,O8,Walsall
GB,I5,Middlesbrough
GB,P7,Wigan
GB,X2,Blaenau Gwent
GB,Z1,Swansea
GB,Z3,"Vale of Glamorgan, The"
GB,O4,Torbay
GB,H7,Lincolnshire
GB,L1,Richmond upon Thames
GB,D3,Derbyshire
GB,C4,Camden
GB,Z8,Cheshire West and Chester
GB,K8,Redbridge
GB,B9,Buckinghamshire
GB,Q2,Wokingham
GB,I3,Medway
GB,K7,Reading
GB,V4,Inverclyde
GB,T5,Aberdeen City
GB,E2,East Sussex
GB,B2,Bournemouth
GB,U7,East Renfrewshire
GB,E8,Hackney
GB,O3,Thurrock
GB,T7,Angus
GB,C3,Cambridgeshire
GB,X1,Isle of Anglesey
GB,P6,West Sussex
GB,L5,Salford
GB,S2,Fermanagh
GD,1,Saint Andrew
GD,4,Saint John
GD,3,Saint George
GD,5,Saint Mark
GD,6,Saint Patrick
GD,2,Saint David
GE,39,Ninotsmindis Raioni
GE,49,Senakis Raioni
GE,42,P'ot'i
GE,33,Lanch'khut'is Raioni
GE,36,Martvilis Raioni
GE,17,Dedop'listsqaros Raioni
GE,18,Dmanisis Raioni
GE,52,T'elavis Raioni
GE,26,Kaspis Raioni
GE,61,Vanis Raioni
GE,31,K'ut'aisi
GE,12,Bolnisis Raioni
GE,45,Rust'avi
GE,1,Abashis Raioni
GE,11,Baghdat'is Raioni
GE,37,Mestiis Raioni
GE,21,Gori
GE,46,Sach'kheris Raioni
GE,22,Goris Raioni
GE,10,Aspindzis Raioni
GE,5,Akhalgoris Raioni
GE,53,T'erjolis Raioni
GE,32,Lagodekhis Raioni
GE,62,Zestap'onis Raioni
GE,20,Gardabanis Raioni
GE,4,Ajaria
GE,7,Akhalts'ikhis Raioni
GE,29,Khobis Raioni
GE,15,Ch'khorotsqus Raioni
GE,28,Khashuris Raioni
GE,8,Akhmetis Raioni
GE,41,Ozurget'is Raioni
GE,55,T'ianet'is Raioni
GE,58,Tsalenjikhis Raioni
GE,34,Lentekhis Raioni
GE,54,T'et'ritsqaros Raioni
GE,6,Akhalk'alak'is Raioni
GE,27,Kharagaulis Raioni
GE,60,Tsqaltubo
GE,23,Gurjaanis Raioni
GE,2,Abkhazia
GE,35,Marneulis Raioni
GE,40,Onis Raioni
GE,19,Dushet'is Raioni
GE,57,Ts'ageris Raioni
GE,51,T'bilisi
GE,25,K'arelis Raioni
GE,47,Sagarejos Raioni
GE,30,Khonis Raioni
GE,16,Ch'okhatauris Raioni
GE,48,Samtrediis Raioni
GE,38,Mts'khet'is Raioni
GE,43,Qazbegis Raioni
GE,63,Zugdidi
GE,44,Qvarlis Raioni
GE,64,Zugdidis Raioni
GE,14,Chiat'ura
GE,13,Borjomis Raioni
GE,3,Adigenis Raioni
GE,24,Javis Raioni
GE,59,Tsalkis Raioni
GE,56,Tqibuli
GE,9,Ambrolauris Raioni
GE,50,Sighnaghis Raioni
GH,10,Upper East
GH,2,Ashanti
GH,1,Greater Accra
GH,4,Central
GH,6,Northern
GH,8,Volta
GH,11,Upper West
GH,9,Western
GH,3,Brong Ahafo
GH,5,Eastern
GL,2,Ostgronland
GL,3,Vestgronland
GL,1,Nordgronland
GM,5,Western
GM,7,North Bank
GM,1,Banjul
GM,2,Lower River
GM,4,Upper River
GM,3,Central River
GN,17,Kissidougou
GN,39,Siguiri
GN,5,Dabola
GN,29,Yomou
GN,38,Nzerekore
GN,36,Lola
GN,16,Kindia
GN,33,Koubia
GN,15,Kerouane
GN,27,Telimele
GN,18,Koundara
GN,4,Conakry
GN,11,Fria
GN,19,Kouroussa
GN,9,Faranah
GN,32,Kankan
GN,28,Tougue
GN,37,Mandiana
GN,2,Boffa
GN,31,Dubreka
GN,23,Mamou
GN,12,Gaoual
GN,34,Labe
GN,25,Pita
GN,3,Boke
GN,10,Forecariah
GN,35,Lelouma
GN,30,Coyah
GN,21,Macenta
GN,1,Beyla
GN,22,Mali
GN,7,Dinguiraye
GN,13,Gueckedou
GN,6,Dalaba
GQ,9,Wele Nzas
GQ,8,Litoral
GQ,5,Bioko Sur
GQ,4,Bioko Norte
GQ,3,Annobon
GQ,7,Kie Ntem
GQ,6,Centro Sur
GR,31,Aitolia kai Akarnania
GR,22,Trikala
GR,9,Kastoria
GR,30,Evritania
GR,47,Dhodhekanisos
GR,29,Fthiotis
GR,50,Khios
GR,18,Thesprotia
GR,32,Fokis
GR,37,Korinthia
GR,19,Preveza
GR,28,Zakinthos
GR,42,Lakonia
GR,21,Larisa
GR,25,Kerkira
GR,49,Kikladhes
GR,36,Argolis
GR,43,Khania
GR,1,Evros
GR,7,Pella
GR,3,Xanthi
GR,17,Ioannina
GR,48,Samos
GR,4,Drama
GR,44,Rethimni
GR,33,Voiotia
GR,24,Magnisia
GR,6,Kilkis
GR,2,Rodhopi
GR,40,Messinia
GR,39,Ilia
GR,5,Serrai
GR,12,Imathia
GR,15,Khalkidhiki
GR,13,Thessaloniki
GR,23,Kardhitsa
GR,26,Levkas
GR,34,Evvoia
GR,20,Arta
GR,16,Pieria
GR,45,Iraklion
GR,11,Kozani
GR,27,Kefallinia
GR,10,Grevena
GR,14,Kavala
GR,8,Florina
GR,35,Attiki
GR,51,Lesvos
GR,41,Arkadhia
GR,38,Akhaia
GR,46,Lasithi
GT,9,Izabal
GT,15,Retalhuleu
GT,16,Sacatepequez
GT,20,Suchitepequez
GT,18,Santa Rosa
GT,13,Quetzaltenango
GT,5,El Progreso
GT,1,Alta Verapaz
GT,7,Guatemala
GT,17,San Marcos
GT,14,Quiche
GT,11,Jutiapa
GT,12,Peten
GT,3,Chimaltenango
GT,8,Huehuetenango
GT,4,Chiquimula
GT,22,Zacapa
GT,2,Baja Verapaz
GT,21,Totonicapan
GT,19,Solola
GT,6,Escuintla
GT,10,Jalapa
GW,6,Cacheu
GW,1,Bafata
GW,10,Gabu
GW,7,Tombali
GW,2,Quinara
GW,5,Bolama
GW,12,Biombo
GW,11,Bissau
GW,4,Oio
GY,15,Mahaica Berbice
GY,12,Demerara Mahaica
GY,13,East Berbice Corentyne
GY,11,Cuyuni Mazaruni
GY,16,Pomeroon Supenaam
GY,10,Barima Waini
GY,19,Upper Takutu Upper Essequibo
GY,17,Potaro Siparuni
GY,18,Upper Demerara Berbice
GY,14,Essequibo Islands West Demerara
HN,18,Yoro
HN,6,Cortes
HN,15,Olancho
HN,5,Copan
HN,1,Atlantida
HN,2,Choluteca
HN,13,Lempira
HN,3,Colon
HN,17,Valle
HN,8,Francisco Morazan
HN,16,Santa Barbara
HN,4,Comayagua
HN,10,Intibuca
HN,11,Islas de la Bahia
HN,12,La Paz
HN,9,Gracias a Dios
HN,7,El Paraiso
HN,14,Ocotepeque
HR,20,Zagrebacka
HR,13,Sibensko Kninska
HR,21,Grad Zagreb
HR,19,Zadarska
HR,3,Dubrovacko Neretvanska
HR,17,Viroviticko Podravska
HR,2,Brodsko Posavska
HR,18,Vukovarsko Srijemska
HR,9,Medimurska
HR,6,Koprivnicko Krizevacka
HR,10,Osjecko Baranjska
HR,16,Varazdinska
HR,4,Istarska
HR,14,Sisacko Moslavacka
HR,5,Karlovacka
HR,7,Krapinsko Zagorska
HR,15,Splitsko Dalmatinska
HR,8,Licko Senjska
HR,11,Pozesko Slavonska
HR,1,Bjelovarsko Bilogorska
HR,12,Primorsko Goranska
HT,9,Nord
HT,3,Nord Ouest
HT,13,Sud Est
HT,12,Sud
HT,11,Ouest
HT,10,Nord Est
HT,15,Nippes
HT,14,Grand' Anse
HT,6,Artibonite
HT,7,Centre
HU,1,Bacs Kiskun
HU,8,Fejer
HU,4,Borsod Abauj Zemplen
HU,15,Pecs
HU,35,Szekesfehervar
HU,2,Baranya
HU,38,Tatabanya
HU,39,Veszprem
HU,10,Hajdu Bihar
HU,36,Szolnok
HU,9,Gyor Moson Sopron
HU,41,Salgotarjan
HU,34,Sopron
HU,12,Komarom Esztergom
HU,20,Jasz Nagykun Szolnok
HU,5,Budapest
HU,29,Hodmezovasarhely
HU,43,Erd
HU,7,Debrecen
HU,24,Zala
HU,19,Szeged
HU,32,Nagykanizsa
HU,31,Kecskemet
HU,26,Bekescsaba
HU,3,Bekes
HU,28,Eger
HU,42,Szekszard
HU,21,Tolna
HU,30,Kaposvar
HU,22,Vas
HU,23,Veszprem
HU,13,Miskolc
HU,37,Szombathely
HU,6,Csongrad
HU,14,Nograd
HU,33,Nyiregyhaza
HU,16,Pest
HU,11,Heves
HU,25,Gyor
HU,17,Somogy
HU,18,Szabolcs Szatmar Bereg
HU,40,Zalaegerszeg
HU,27,Dunaujvaros
ID,32,Sumatera Selatan
ID,34,Gorontalo
ID,29,Maluku Utara
ID,18,Nusa Tenggara Timur
ID,36,Papua
ID,41,Sulawesi Barat
ID,35,Kepulauan Bangka Belitung
ID,39,Irian Jaya Barat
ID,2,Bali
ID,1,Aceh
ID,22,Sulawesi Tenggara
ID,12,Kalimantan Selatan
ID,15,Lampung
ID,40,Kepulauan Riau
ID,7,Jawa Tengah
ID,38,Sulawesi Selatan
ID,4,Jakarta Raya
ID,28,Maluku
ID,3,Bengkulu
ID,17,Nusa Tenggara Barat
ID,37,Riau
ID,33,Banten
ID,21,Sulawesi Tengah
ID,13,Kalimantan Tengah
ID,24,Sumatera Barat
ID,26,Sumatera Utara
ID,11,Kalimantan Barat
ID,31,Sulawesi Utara
ID,8,Jawa Timur
ID,10,Yogyakarta
ID,5,Jambi
ID,14,Kalimantan Timur
ID,30,Jawa Barat
IE,15,Laois
IE,1,Carlow
IE,3,Clare
IE,10,Galway
IE,11,Kerry
IE,23,Offaly
IE,31,Wicklow
IE,7,Dublin
IE,6,Donegal
IE,25,Sligo
IE,27,Waterford
IE,12,Kildare
IE,30,Wexford
IE,20,Mayo
IE,2,Cavan
IE,22,Monaghan
IE,4,Cork
IE,24,Roscommon
IE,29,Westmeath
IE,26,Tipperary
IE,19,Louth
IE,21,Meath
IE,16,Limerick
IE,13,Kilkenny
IE,18,Longford
IE,14,Leitrim
IL,3,HaZafon
IL,6,Yerushalayim
IL,4,Hefa
IL,5,Tel Aviv
IL,2,HaMerkaz
IL,1,HaDarom
IN,39,Uttarakhand
IN,36,Uttar Pradesh
IN,10,Haryana
IN,13,Kerala
IN,12,Jammu and Kashmir
IN,1,Andaman and Nicobar Islands
IN,11,Himachal Pradesh
IN,19,Karnataka
IN,33,Goa
IN,3,Assam
IN,35,Madhya Pradesh
IN,21,Orissa
IN,20,Nagaland
IN,2,Andhra Pradesh
IN,26,Tripura
IN,32,Daman and Diu
IN,30,Arunachal Pradesh
IN,5,Chandigarh
IN,29,Sikkim
IN,18,Meghalaya
IN,7,Delhi
IN,22,Puducherry
IN,6,Dadra and Nagar Haveli
IN,25,Tamil Nadu
IN,28,West Bengal
IN,31,Mizoram
IN,34,Bihar
IN,23,Punjab
IN,17,Manipur
IN,16,Maharashtra
IN,24,Rajasthan
IN,38,Jharkhand
IN,37,Chhattisgarh
IN,9,Gujarat
IN,14,Lakshadweep
IQ,10,Diyala
IQ,1,Al Anbar
IQ,3,Al Muthanna
IQ,2,Al Basrah
IQ,8,Dahuk
IQ,5,As Sulaymaniyah
IQ,12,Karbala'
IQ,11,Arbil
IQ,4,Al Qadisiyah
IQ,15,Ninawa
IQ,18,Salah ad Din
IQ,13,At Ta'mim
IQ,14,Maysan
IQ,17,An Najaf
IQ,6,Babil
IQ,7,Baghdad
IQ,16,Wasit
IQ,9,Dhi Qar
IR,28,Esfahan
IR,22,Bushehr
IR,25,Semnan
IR,13,Bakhtaran
IR,18,Semnan Province
IR,34,Markazi
IR,5,Kohkiluyeh va Buyer Ahmadi
IR,8,Gilan
IR,40,Yazd
IR,21,Zanjan
IR,33,East Azarbaijan
IR,10,Ilam
IR,35,Mazandaran
IR,38,Qazvin
IR,17,Mazandaran
IR,27,Zanjan
IR,24,Markazi
IR,31,Yazd
IR,37,Golestan
IR,12,Kerman
IR,43,Khorasan e Shemali
IR,15,Khuzestan
IR,44,Alborz
IR,36,Zanjan
IR,7,Fars
IR,11,Hormozgan
IR,16,Kordestan
IR,19,Markazi
IR,1,Azarbayjan e Bakhtari
IR,39,Qom
IR,30,Khorasan
IR,41,Khorasan e Janubi
IR,4,Sistan va Baluchestan
IR,3,Chahar Mahall va Bakhtiari
IR,42,Khorasan e Razavi
IR,32,Ardabil
IR,29,Kerman
IR,23,Lorestan
IR,9,Hamadan
IR,26,Tehran
IS,15,Kjosarsysla
IS,38,Austurland
IS,10,Gullbringusysla
IS,3,Arnessysla
IS,31,Sudur Mulasysla
IS,5,Austur Hunavatnssysla
IS,32,Sudur Tingeyjarsysla
IS,20,Nordur Mulasysla
IS,17,Myrasysla
IS,42,Suourland
IS,37,Vestur Skaftafellssysla
IS,28,Skagafjardarsysla
IS,43,Suournes
IS,35,Vestur Hunavatnssysla
IS,39,Hofuoborgarsvaoio
IS,44,Vestfiroir
IS,30,Strandasysla
IS,9,Eyjafjardarsysla
IS,7,Borgarfjardarsysla
IS,40,Norourland Eystra
IS,36,Vestur Isafjardarsysla
IS,29,Snafellsnes  og Hnappadalssysla
IS,45,Vesturland
IS,6,Austur Skaftafellssysla
IS,41,Norourland Vestra
IS,23,Rangarvallasysla
IS,21,Nordur Tingeyjarsysla
IS,34,Vestur Bardastrandarsysla
IT,20,Veneto
IT,8,Liguria
IT,1,Abruzzi
IT,4,Campania
IT,6,Friuli Venezia Giulia
IT,9,Lombardia
IT,2,Basilicata
IT,15,Sicilia
IT,19,Valle d'Aosta
IT,10,Marche
IT,13,Puglia
IT,11,Molise
IT,3,Calabria
IT,17,Trentino Alto Adige
IT,7,Lazio
IT,14,Sardegna
IT,16,Toscana
IT,5,Emilia Romagna
IT,12,Piemonte
IT,18,Umbria
JM,13,Saint Mary
JM,14,Saint Thomas
JM,7,Portland
JM,15,Trelawny
JM,17,Kingston
JM,10,Saint Catherine
JM,16,Westmoreland
JM,2,Hanover
JM,12,Saint James
JM,4,Manchester
JM,8,Saint Andrew
JM,1,Clarendon
JM,11,Saint Elizabeth
JM,9,Saint Ann
JO,21,Al Aqabah
JO,16,Amman
JO,22,Jarash
JO,2,Al Balqa'
JO,17,Az Zaraqa
JO,12,At Tafilah
JO,20,Ajlun
JO,15,Al Mafraq
JO,9,Al Karak
JO,23,Madaba
JO,19,Ma'an
JO,18,Irbid
JP,35,Shiga
JP,29,Niigata
JP,27,Nagasaki
JP,19,Kanagawa
JP,44,Yamagata
JP,15,Ishikawa
JP,34,Saitama
JP,22,Kyoto
JP,23,Mie
JP,40,Tokyo
JP,31,Okayama
JP,26,Nagano
JP,18,Kagoshima
JP,7,Fukuoka
JP,36,Shimane
JP,33,Saga
JP,11,Hiroshima
JP,41,Tottori
JP,37,Shizuoka
JP,46,Yamanashi
JP,14,Ibaraki
JP,43,Wakayama
JP,16,Iwate
JP,39,Tokushima
JP,21,Kumamoto
JP,1,Aichi
JP,42,Toyama
JP,28,Nara
JP,8,Fukushima
JP,20,Kochi
JP,3,Aomori
JP,32,Osaka
JP,24,Miyagi
JP,2,Akita
JP,38,Tochigi
JP,17,Kagawa
JP,5,Ehime
JP,6,Fukui
JP,13,Hyogo
JP,30,Oita
JP,45,Yamaguchi
JP,4,Chiba
JP,9,Gifu
JP,47,Okinawa
JP,12,Hokkaido
JP,25,Miyazaki
JP,10,Gumma
KE,8,Rift Valley
KE,3,Eastern
KE,9,Western
KE,7,Nyanza
KE,6,North Eastern
KE,2,Coast
KE,5,Nairobi Area
KE,1,Central
KG,6,Talas
KG,9,Batken
KG,7,Ysyk Kol
KG,1,Bishkek
KG,5,Osh
KG,4,Naryn
KG,8,Osh
KG,2,Chuy
KG,3,Jalal Abad
KH,3,Kampong Chhnang
KH,25,Banteay Meanchey
KH,11,Phnum Penh
KH,14,Prey Veng
KH,5,Kampong Thum
KH,30,Pailin
KH,29,Batdambang
KH,1,Batdambang
KH,9,Kracheh
KH,28,Preah Seihanu
KH,12,Pursat
KH,18,Svay Rieng
KH,16,Siem Reap
KH,17,Stung Treng
KH,15,Ratanakiri Kiri
KH,10,Mondulkiri
KH,6,Kampot
KH,22,Phnum Penh
KH,2,Kampong Cham
KH,19,Takeo
KH,13,Preah Vihear
KH,23,Ratanakiri
KH,8,Koh Kong
KH,7,Kandal
KH,4,Kampong Speu
KI,2,Line Islands
KI,3,Phoenix Islands
KI,1,Gilbert Islands
KM,2,Grande Comore
KM,3,Moheli
KM,1,Anjouan
KN,15,Trinity Palmetto Point
KN,3,Saint George Basseterre
KN,12,Saint Thomas Lowland
KN,7,Saint John Figtree
KN,13,Saint Thomas Middle Island
KN,10,Saint Paul Charlestown
KN,4,Saint George Gingerland
KN,9,Saint Paul Capisterre
KN,5,Saint James Windward
KN,2,Saint Anne Sandy Point
KN,11,Saint Peter Basseterre
KN,1,Christ Church Nichola Town
KN,6,Saint John Capisterre
KN,8,Saint Mary Cayon
KP,12,P'yongyang si
KP,14,Namp'o si
KP,3,Hamgyong namdo
KP,17,Hamgyong bukto
KP,18,Najin Sonbong si
KP,8,Kaesong si
KP,9,Kangwon do
KP,6,Hwanghae namdo
KP,11,P'yongan bukto
KP,1,Chagang do
KP,7,Hwanghae bukto
KP,15,P'yongan namdo
KP,13,Yanggang do
KR,10,Pusan jikhalsi
KR,5,Ch'ungch'ong bukto
KR,1,Cheju do
KR,20,Kyongsang namdo
KR,19,Taejon jikhalsi
KR,13,Kyonggi do
KR,15,Taegu jikhalsi
KR,17,Ch'ungch'ong namdo
KR,16,Cholla namdo
KR,21,Ulsan gwangyoksi
KR,14,Kyongsang bukto
KR,6,Kangwon do
KR,11,Seoul t'ukpyolsi
KR,3,Cholla bukto
KR,12,Inch'on jikhalsi
KR,18,Kwangju jikhalsi
KW,1,Al Ahmadi
KW,5,Al Jahra
KW,8,Hawalli
KW,9,Mubarak al Kabir
KW,2,Al Kuwayt
KW,7,Al Farwaniyah
KY,3,Midland
KY,1,Creek
KY,8,Western
KY,4,South Town
KY,5,Spot Bay
KY,2,Eastern
KY,7,West End
KY,6,Stake Bay
KZ,15,East Kazakhstan
KZ,12,Qaraghandy
KZ,10,South Kazakhstan
KZ,16,North Kazakhstan
KZ,17,Zhambyl
KZ,14,Qyzylorda
KZ,8,Bayqonyr
KZ,9,Mangghystau
KZ,5,Astana
KZ,3,Aqmola
KZ,1,Almaty
KZ,11,Pavlodar
KZ,7,West Kazakhstan
KZ,4,Aqtobe
KZ,2,Almaty City
KZ,13,Qostanay
KZ,6,Atyrau
LA,2,Champasak
LA,10,Savannakhet
LA,7,Oudomxai
LA,4,Khammouan
LA,3,Houaphan
LA,8,Phongsali
LA,13,Xaignabouri
LA,9,Saravan
LA,1,Attapu
LA,11,Vientiane
LA,14,Xiangkhoang
LA,5,Louang Namtha
LA,17,Louangphrabang
LB,10,"Aakk,r"
LB,8,Beqaa
LB,3,Liban Nord
LB,11,Baalbek Hermel
LB,6,Liban Sud
LB,1,Beqaa
LB,9,Liban Nord
LB,4,Beyrouth
LB,5,Mont Liban
LB,7,Nabatiye
LB,2,Al Janub
LC,3,Castries
LC,11,Praslin
LC,8,Micoud
LC,9,Soufriere
LC,5,Dennery
LC,1,Anse la Raye
LC,6,Gros Islet
LC,10,Vieux Fort
LC,7,Laborie
LC,2,Dauphin
LC,4,Choiseul
LI,9,Triesen
LI,1,Balzers
LI,8,Schellenberg
LI,22,River Gee
LI,6,Ruggell
LI,2,Eschen
LI,10,Triesenberg
LI,4,Mauren
LI,5,Planken
LI,11,Vaduz
LI,21,Gbarpolu
LI,7,Schaan
LI,3,Gamprin
LK,29,Central
LK,36,Western
LK,35,Uva
LK,33,Sabaragamuwa
LK,34,Southern
LK,37,Eastern
LK,32,North Western
LK,30,North Central
LK,38,Northern
LR,18,River Cess
LR,20,Lofa
LR,14,Montserrado
LR,7,Monrovia
LR,6,Maryland
LR,1,Bong
LR,19,Grand Gedeh
LR,5,Lofa
LR,10,Sino
LR,17,Margibi
LR,12,Grand Cape Mount
LR,4,Grand Cape Mount
LR,22,River Gee
LR,13,Maryland
LR,11,Grand Bassa
LR,21,Gbarpolu
LR,9,Nimba
LS,18,Quthing
LS,11,Butha Buthe
LS,17,Qachas Nek
LS,13,Mafeteng
LS,14,Maseru
LS,16,Mokhotlong
LS,19,Thaba Tseka
LS,15,Mohales Hoek
LS,10,Berea
LS,12,Leribe
LT,64,Utenos Apskritis
LT,59,Marijampoles Apskritis
LT,61,Siauliu Apskritis
LT,60,Panevezio Apskritis
LT,62,Taurages Apskritis
LT,63,Telsiu Apskritis
LT,58,Klaipedos Apskritis
LT,65,Vilniaus Apskritis
LT,57,Kauno Apskritis
LT,56,Alytaus Apskritis
LU,3,Luxembourg
LU,1,Diekirch
LU,2,Grevenmacher
LV,25,Riga
LV,26,Rigas
LV,29,Tukuma
LV,6,Daugavpils
LV,15,Kuldigas
LV,21,Ogres
LV,2,Aluksnes
LV,20,Madonas
LV,33,Ventspils
LV,27,Saldus
LV,30,Valkas
LV,18,Limbazu
LV,11,Jelgava
LV,31,Valmieras
LV,12,Jelgavas
LV,8,Dobeles
LV,28,Talsu
LV,16,Liepaja
LV,32,Ventspils
LV,22,Preilu
LV,4,Bauskas
LV,19,Ludzas
LV,17,Liepajas
LV,3,Balvu
LV,13,Jurmala
LV,5,Cesu
LV,10,Jekabpils
LV,7,Daugavpils
LV,9,Gulbenes
LV,24,Rezeknes
LV,1,Aizkraukles
LV,23,Rezekne
LV,14,Kraslavas
LY,13,Ash Shati'
LY,56,Ghadamis
LY,61,Tarabulus
LY,41,Tarhunah
LY,30,Murzuq
LY,60,Surt
LY,45,Zlitan
LY,51,An Nuqat al Khams
LY,62,Yafran
LY,48,Al Fatih
LY,42,Tubruq
LY,52,Awbari
LY,34,Sabha
LY,53,Az Zawiyah
LY,58,Misratah
LY,55,Darnah
LY,50,Al Khums
LY,59,Sawfajjin
LY,5,Al Jufrah
LY,57,Gharyan
LY,8,Al Kufrah
LY,3,Al Aziziyah
LY,47,Ajdabiya
LY,54,Banghazi
LY,49,Al Jabal al Akhdar
MA,49,Rabat Sale Zemmour Zaer
MA,50,Chaouia Ouardigha
MA,48,Meknes Tafilalet
MA,57,Tanger Tetouan
MA,55,"Souss Massa Dr,a"
MA,46,Fes Boulemane
MA,52,Gharb Chrarda Beni Hssen
MA,56,Tadla Azilal
MA,51,Doukkala Abda
MA,54,Oriental
MA,58,Taza Al Hoceima Taounate
MA,53,Guelmim Es Smara
MA,59,"La,youne Boujdour Sakia El Hamra"
MA,45,Grand Casablanca
MA,47,Marrakech Tensift Al Haouz
MC,1,La Condamine
MC,2,Monaco
MC,3,Monte Carlo
MD,91,Telenesti
MD,86,Soldanesti
MD,72,Dubasari
MD,79,Leova
MD,65,Cantemir
MD,88,Stefan Voda
MD,76,Glodeni
MD,64,Cahul
MD,66,Calarasi
MD,51,Gagauzia
MD,92,Ungheni
MD,68,Cimislia
MD,83,Rezina
MD,70,Donduseni
MD,69,Criuleni
MD,81,Ocnita
MD,73,Edinet
MD,61,Basarabeasca
MD,82,Orhei
MD,87,Soroca
MD,85,Singerei
MD,84,Riscani
MD,62,Bender
MD,58,Stinga Nistrului
MD,77,Hincesti
MD,74,Falesti
MD,90,Taraclia
MD,75,Floresti
MD,89,Straseni
MD,59,Anenii Noi
MD,57,Chisinau
MD,60,Balti
MD,67,Causeni
MD,63,Briceni
MD,78,Ialoveni
MD,71,Drochia
MD,80,Nisporeni
MG,3,Mahajanga
MG,2,Fianarantsoa
MG,1,Antsiranana
MG,4,Toamasina
MG,5,Antananarivo
MG,6,Toliara
MK,D8,Makedonski Brod
MK,62,Makedonska Kamenica
MK,71,Novaci
MK,C4,Zitose
MK,95,Staravina
MK,48,Kondovo
MK,9,Bogomila
MK,27,Dolna Banjica
MK,E7,Strumica
MK,A4,Sveti Nikole
MK,C2,Zelenikovo
MK,B4,Vinica
MK,53,Krivogastani
MK,86,Resen
MK,39,Kamenjane
MK,75,Orasac
MK,36,Ilinden
MK,E6,Struga
MK,81,Podares
MK,C5,Zletovo
MK,A3,Suto Orizari
MK,28,Dolneni
MK,2,Bac
MK,40,Karbinci
MK,4,Berovo
MK,B7,Vrapciste
MK,46,Kocani
MK,42,Kavadarci
MK,68,Murtino
MK,13,Cair
MK,A5,Tearce
MK,D7,Kumanovo
MK,B6,Vranestica
MK,55,Kuklis
MK,20,Cucer Sandevo
MK,C8,Cair
MK,49,Konopiste
MK,19,Cesinovo
MK,98,Stip
MK,E5,Dojran
MK,52,Kriva Palanka
MK,14,Capari
MK,E9,Valandovo
MK,58,Labunista
MK,A9,Vasilevo
MK,C1,Zajas
MK,5,Bistrica
MK,25,Demir Kapija
MK,8,Bogdanci
MK,93,Sopotnica
MK,7,Blatec
MK,E8,Tetovo
MK,37,Izvor
MK,38,Jegunovce
MK,76,Orizari
MK,85,Rankovce
MK,63,Makedonski Brod
MK,31,Dzepciste
MK,22,Delcevo
MK,90,Saraj
MK,60,Lozovo
MK,C9,Caska
MK,33,Gevgelija
MK,74,Ohrid
MK,51,Kratovo
MK,56,Kukurecani
MK,91,Sipkovica
MK,70,Negotino Polosko
MK,77,Oslomej
MK,67,Mogila
MK,72,Novo Selo
MK,18,Centar Zupa
MK,21,Debar
MK,32,Gazi Baba
MK,99,Struga
MK,59,Lipkovo
MK,30,Drugovo
MK,47,Konce
MK,F1,Veles
MK,92,Sopiste
MK,84,Radovis
MK,12,Brvenica
MK,A1,Strumica
MK,78,Pehcevo
MK,D2,Debar
MK,3,Belcista
MK,B1,Veles
MK,69,Negotino
MK,A8,Valandovo
MK,34,Gostivar
MK,E2,Ohrid
MK,1,Aracinovo
MK,26,Dobrusevo
MK,23,Delogozdi
MK,79,Petrovec
MK,B8,Vratnica
MK,24,Demir Hisar
MK,A6,Tetovo
MK,44,Kisela Voda
MK,C6,Zrnovci
MK,A2,Studenicani
MK,96,Star Dojran
MK,29,Dorce Petrov
MK,15,Caska
MK,11,Bosilovo
MK,64,Mavrovi Anovi
MK,A7,Topolcani
MK,61,Lukovo
MK,43,Kicevo
MK,88,Rostusa
MK,54,Krusevo
MK,94,Srbinovo
MK,83,Probistip
MK,35,Gradsko
MK,82,Prilep
MK,89,Samokov
MK,10,Bogovinje
MK,D4,Gostivar
MK,E3,Prilep
MK,57,Kumanovo
MK,17,Centar
MK,B2,Velesta
MK,D5,Jegunovce
MK,80,Plasnica
MK,87,Rosoman
MK,B5,Vitoliste
MK,16,Cegrane
MK,65,Meseista
MK,C3,Zelino
MK,D3,Demir Hisar
MK,B3,Vevcani
MK,41,Karpos
MK,6,Bitola
MK,50,Kosel
MK,73,Oblesevo
MK,45,Klecevce
MK,97,Staro Nagoricane
MK,D6,Kavadarci
MK,F2,Aerodrom
MK,B9,Vrutok
MK,66,Miravci
ML,1,Bamako
ML,9,Gao
ML,6,Sikasso
ML,8,Tombouctou
ML,10,Kidal
ML,3,Kayes
ML,4,Mopti
ML,5,Segou
ML,7,Koulikoro
MM,6,Kayah State
MM,17,Yangon
MM,11,Shan State
MM,14,Rangoon
MM,2,Chin State
MM,5,Karan State
MM,4,Kachin State
MM,10,Sagaing
MM,7,Magwe
MM,8,Mandalay
MM,13,Mon State
MM,3,Irrawaddy
MM,1,Rakhine State
MM,9,Pegu
MM,12,Tenasserim
MN,2,Bayanhongor
MN,17,Suhbaatar
MN,10,Govi Altay
MN,20,Ulaanbaatar
MN,22,Erdenet
MN,16,Selenge
MN,7,Dornogovi
MN,8,Dundgovi
MN,1,Arhangay
MN,18,Tov
MN,23,Darhan Uul
MN,15,Ovorhangay
MN,21,Bulgan
MN,6,Dornod
MN,19,Uvs
MN,3,Bayan Olgiy
MN,9,Dzavhan
MN,13,Hovsgol
MN,5,Darhan
MN,11,Hentiy
MN,24,Govisumber
MN,25,Orhon
MN,14,Omnogovi
MN,12,Hovd
MO,1,Ilhas
MO,2,Macau
MR,9,Tagant
MR,5,Brakna
MR,1,Hodh Ech Chargui
MR,4,Gorgol
MR,12,Inchiri
MR,6,Trarza
MR,2,Hodh El Gharbi
MR,10,Guidimaka
MR,8,Dakhlet Nouadhibou
MR,11,Tiris Zemmour
MR,7,Adrar
MR,3,Assaba
MS,1,Saint Anthony
MS,2,Saint Georges
MS,3,Saint Peter
MU,15,Moka
MU,22,Cargados Carajos
MU,23,Rodrigues
MU,14,Grand Port
MU,18,Port Louis
MU,20,Savanne
MU,19,Riviere du Rempart
MU,21,Agalega Islands
MU,16,Pamplemousses
MU,13,Flacq
MU,17,Plaines Wilhems
MU,12,Black River
MV,35,Gaafu Dhaalu
MV,38,Kaafu
MV,44,Raa
MV,46,Thaa
MV,34,Gaafu Alifu
MV,33,Faafu 
MV,37,Haa Dhaalu
MV,36,Haa Alifu
MV,41,Meemu
MV,30,Alifu
MV,40,Maale
MV,32,Dhaalu
MV,31,Baa
MV,42,Gnaviyani
MV,5,Laamu
MV,43,Noonu
MV,47,Vaavu
MV,1,Seenu
MV,39,Lhaviyani
MV,45,Shaviyani
MW,18,Nkhotakota
MW,24,Blantyre
MW,22,Salima
MW,4,Chitipa
MW,11,Lilongwe
MW,7,Dowa
MW,5,Thyolo
MW,6,Dedza
MW,15,Mzimba
MW,9,Kasungu
MW,16,Ntcheu
MW,3,Chiradzulu
MW,20,Ntchisi
MW,25,Mwanza
MW,2,Chikwawa
MW,12,Mangochi
MW,30,Phalombe
MW,13,Mchinji
MW,17,Nkhata Bay
MW,27,Likoma
MW,8,Karonga
MW,26,Balaka
MW,21,Rumphi
MW,28,Machinga
MW,19,Nsanje
MW,23,Zomba
MW,29,Mulanje
MX,16,Michoacan de Ocampo
MX,29,Tlaxcala
MX,21,Puebla
MX,28,Tamaulipas
MX,7,Coahuila de Zaragoza
MX,32,Zacatecas
MX,5,Chiapas
MX,4,Campeche
MX,2,Baja California
MX,14,Jalisco
MX,15,Mexico
MX,6,Chihuahua
MX,17,Morelos
MX,31,Yucatan
MX,13,Hidalgo
MX,11,Guanajuato
MX,3,Baja California Sur
MX,20,Oaxaca
MX,25,Sinaloa
MX,18,Nayarit
MX,9,Distrito Federal
MX,19,Nuevo Leon
MX,27,Tabasco
MX,8,Colima
MX,10,Durango
MX,23,Quintana Roo
MX,22,Queretaro de Arteaga
MX,24,San Luis Potosi
MX,12,Guerrero
MX,30,Veracruz Llave
MX,26,Sonora
MX,1,Aguascalientes
MY,2,Kedah
MY,4,Melaka
MY,12,Selangor
MY,11,Sarawak
MY,13,Terengganu
MY,17,Putrajaya
MY,1,Johor
MY,6,Pahang
MY,16,Sabah
MY,3,Kelantan
MY,5,Negeri Sembilan
MY,9,Pulau Pinang
MY,8,Perlis
MY,15,Labuan
MY,14,Kuala Lumpur
MY,7,Perak
MZ,1,Cabo Delgado
MZ,2,Gaza
MZ,4,Maputo
MZ,8,Tete
MZ,6,Nampula
MZ,3,Inhambane
MZ,9,Zambezia
MZ,10,Manica
MZ,11,Maputo
MZ,7,Niassa
MZ,5,Sofala
NA,39,Otjozondjupa
NA,32,Kunene
NA,30,Hardap
NA,11,Okahandja
NA,15,Owambo
NA,22,Damaraland
NA,5,Grootfontein
NA,34,Okavango
NA,37,Oshana
NA,29,Erongo
NA,10,Maltahohe
NA,36,Omusati
NA,3,Boesmanland
NA,13,Otjiwarongo
NA,1,Bethanien
NA,6,Kaokoland
NA,27,Namaland
NA,14,Outjo
NA,38,Oshikoto
NA,35,Omaheke
NA,18,Tsumeb
NA,7,Karibib
NA,23,Hereroland Oos
NA,2,Caprivi Oos
NA,25,Kavango
NA,16,Rehoboth
NA,21,Windhoek
NA,33,Ohangwena
NA,26,Mariental
NA,8,Keetmanshoop
NA,31,Karas
NA,12,Omaruru
NA,9,Luderitz
NA,24,Hereroland Wes
NA,20,Karasburg
NA,17,Swakopmund
NA,28,Caprivi
NA,4,Gobabis
NE,2,Diffa
NE,3,Dosso
NE,5,Niamey
NE,1,Agadez
NE,8,Niamey
NE,6,Tahoua
NE,4,Maradi
NE,7,Zinder
NG,57,Zamfara
NG,31,Niger
NG,50,Rivers
NG,42,Osun
NG,23,Kaduna
NG,56,Nassarawa
NG,53,Ebonyi
NG,41,Kogi
NG,35,Adamawa
NG,26,Benue
NG,32,Oyo
NG,49,Plateau
NG,16,Ogun
NG,39,Jigawa
NG,44,Yobe
NG,36,Delta
NG,52,Bayelsa
NG,47,Enugu
NG,24,Katsina
NG,22,Cross River
NG,55,Gombe
NG,25,Anambra
NG,46,Bauchi
NG,29,Kano
NG,45,Abia
NG,5,Lagos
NG,51,Sokoto
NG,48,Ondo
NG,40,Kebbi
NG,27,Borno
NG,28,Imo
NG,37,Edo
NG,43,Taraba
NG,21,Akwa Ibom
NG,54,Ekiti
NG,30,Kwara
NG,11,Federal Capital Territory
NI,14,Rio San Juan
NI,15,Rivas
NI,2,Carazo
NI,6,Granada
NI,11,Masaya
NI,9,Madriz
NI,17,Autonoma Atlantico Norte
NI,8,Leon
NI,4,Chontales
NI,16,Zelaya
NI,3,Chinandega
NI,7,Jinotega
NI,10,Managua
NI,5,Esteli
NI,13,Nueva Segovia
NI,18,Region Autonoma Atlantico Sur
NI,1,Boaco
NI,12,Matagalpa
NL,5,Limburg
NL,9,Utrecht
NL,15,Overijssel
NL,1,Drenthe
NL,3,Gelderland
NL,16,Flevoland
NL,4,Groningen
NL,11,Zuid Holland
NL,6,Noord Brabant
NL,7,Noord Holland
NL,10,Zeeland
NL,2,Friesland
NO,13,Ostfold
NO,15,Sogn og Fjordane
NO,16,Sor Trondelag
NO,6,Hedmark
NO,8,More og Romsdal
NO,9,Nordland
NO,18,Troms
NO,12,Oslo
NO,5,Finnmark
NO,19,Vest Agder
NO,20,Vestfold
NO,4,Buskerud
NO,7,Hordaland
NO,10,Nord Trondelag
NO,11,Oppland
NO,1,Akershus
NO,14,Rogaland
NO,2,Aust Agder
NO,17,Telemark
NP,13,Sagarmatha
NP,2,Bheri
NP,7,Kosi
NP,11,Narayani
NP,6,Karnali
NP,9,Mahakali
NP,1,Bagmati
NP,12,Rapti
NP,3,Dhawalagiri
NP,14,Seti
NP,5,Janakpur
NP,8,Lumbini
NP,4,Gandaki
NP,10,Mechi
NR,2,Anabar
NR,9,Ewa
NR,8,Denigomodu
NR,4,Anibare
NR,1,Aiwo
NR,13,Uaboe
NR,6,Boe
NR,11,Meneng
NR,7,Buada
NR,12,Nibok
NR,5,Baiti
NR,10,Ijuw
NR,14,Yaren
NR,3,Anetan
NZ,F8,Southland
NZ,F6,Northland
NZ,E9,Canterbury
NZ,G3,West Coast
NZ,G1,Waikato
NZ,F3,Manawatu Wanganui
NZ,F9,Taranaki
NZ,F2,Hawke's Bay
NZ,G2,Wellington
NZ,F1,Gisborne
NZ,F7,Otago
NZ,F4,Marlborough
NZ,F5,Nelson
NZ,E8,Bay of Plenty
NZ,10,Chatham Islands
NZ,E7,Auckland
OM,5,Az Zahirah
OM,6,Masqat
OM,7,Musandam
OM,1,Ad Dakhiliyah
OM,2,Al Batinah
OM,4,Ash Sharqiyah
OM,3,Al Wusta
OM,8,Zufar
PA,7,Los Santos
PA,9,San Blas
PA,5,Darien
PA,1,Bocas del Toro
PA,10,Veraguas
PA,6,Herrera
PA,3,Cocle
PA,2,Chiriqui
PA,4,Colon
PA,8,Panama
PE,14,Lambayeque
PE,12,Junin
PE,22,San Martin
PE,25,Ucayali
PE,21,Puno
PE,5,Ayacucho
PE,9,Huancavelica
PE,6,Cajamarca
PE,24,Tumbes
PE,13,La Libertad
PE,8,Cusco
PE,4,Arequipa
PE,11,Ica
PE,1,Amazonas
PE,18,Moquegua
PE,15,Lima
PE,23,Tacna
PE,17,Madre de Dios
PE,7,Callao
PE,2,Ancash
PE,3,Apurimac
PE,19,Pasco
PE,16,Loreto
PE,10,Huanuco
PE,20,Piura
PG,6,Western
PG,18,Sandaun
PG,2,Gulf
PG,15,New Ireland
PG,11,East Sepik
PG,17,West New Britain
PG,12,Madang
PG,10,East New Britain
PG,7,North Solomons
PG,20,National Capital
PG,4,Northern
PG,13,Manus
PG,3,Milne Bay
PG,9,Eastern Highlands
PG,14,Morobe
PG,16,Western Highlands
PG,19,Enga
PG,1,Central
PG,5,Southern Highlands
PG,8,Chimbu
PH,F3,Roxas
PH,E8,Palayan
PH,G6,Trece Martires
PH,8,Batanes
PH,B6,Cavite City
PH,K6,Malaybalay
PH,1,Abra
PH,H3,Negros Occidental
PH,M5,San Jose del Monte
PH,18,Capiz
PH,42,Misamis Occidental
PH,J7,Kalinga
PH,G2,Tagaytay
PH,72,Tawitawi
PH,56,Maguindanao
PH,45,Negros Occidental
PH,40,Mindoro Occidental
PH,D5,Legaspi
PH,34,Lanao del Norte
PH,K1,Las Pinas
PH,C5,Dumaguete
PH,13,Bulacan
PH,B7,Cebu City
PH,P2,Zamboanga
PH,I7,Davao del Norte
PH,C7,Gingoog
PH,G5,Toledo
PH,C8,Iligan
PH,36,La Union
PH,D9,Manila
PH,A7,Batangas City
PH,9,Batangas
PH,E1,Marawi
PH,J3,Guimaras
PH,17,Camiguin
PH,35,Lanao del Sur
PH,58,Sorsogon
PH,L9,Passi
PH,51,Pangasinan
PH,54,Romblon
PH,A3,Bago
PH,D8,Mandaue
PH,F4,San Carlos
PH,25,Davao del Sur
PH,11,Bohol
PH,B4,Caloocan
PH,21,Cebu
PH,D7,Lucena
PH,47,Nueva Ecija
PH,48,Nueva Vizcaya
PH,3,Agusan del Sur
PH,A8,Butuan
PH,2,Agusan del Norte
PH,D3,Laoag
PH,29,Ilocos Sur
PH,14,Cagayan
PH,33,Laguna
PH,E2,Naga
PH,B8,Cotabato
PH,B9,Dagupan
PH,46,Negros Oriental
PH,F2,Quezon City
PH,A5,Bais
PH,15,Camarines Norte
PH,L5,Navotas
PH,L4,Muntinlupa
PH,44,Mountain
PH,F1,Puerto Princesa
PH,39,Masbate
PH,J4,Himamaylan
PH,A9,Cabanatuan
PH,P1,Zambales
PH,C6,General Santos
PH,B3,Calbayog
PH,16,Camarines Sur
PH,68,Quirino
PH,53,Rizal
PH,H9,Biliran
PH,30,Iloilo
PH,G4,Tangub
PH,D6,Lipa
PH,C1,Danao
PH,N3,Surigao del Norte
PH,23,Eastern Samar
PH,60,Sulu
PH,71,Sultan Kudarat
PH,32,Kalinga Apayao
PH,69,Siquijor
PH,28,Ilocos Norte
PH,G3,Tagbilaran
PH,12,Bukidnon
PH,70,South Cotabato
PH,C4,Dipolog
PH,F5,San Carlos
PH,22,Basilan
PH,D4,Lapu Lapu
PH,E6,Ozamis
PH,L7,Paranaque
PH,66,Zamboanga del Sur
PH,M9,Sarangani
PH,E4,Ormoc
PH,6,Antique
PH,E5,Oroquieta
PH,10,Benguet
PH,B5,Canlaon
PH,19,Catanduanes
PH,E9,Pasay
PH,F7,San Pablo
PH,4,Aklan
PH,31,Isabela
PH,38,Marinduque
PH,49,Palawan
PH,D2,La Carlota
PH,A1,Angeles
PH,57,North Cotabato
PH,C9,Iloilo City
PH,B2,Cagayan de Oro
PH,N1,Sipalay
PH,62,Surigao del Sur
PH,E3,Olongapo
PH,61,Surigao del Norte
PH,64,Zambales
PH,7,Bataan
PH,A6,Basilan City
PH,B1,Cadiz
PH,24,Davao
PH,G8,Aurora
PH,M8,Santiago
PH,G1,Tacloban
PH,I6,Compostela Valley
PH,41,Mindoro Oriental
PH,F9,Surigao
PH,37,Leyte
PH,E7,Pagadian
PH,F6,San Jose
PH,A2,Bacolod
PH,43,Misamis Oriental
PH,67,Northern Samar
PH,M6,San Juan
PH,59,Southern Leyte
PH,20,Cavite
PH,C3,Davao City
PH,27,Ifugao
PH,65,Zamboanga del Norte
PH,D1,Iriga
PH,A4,Baguio
PH,55,Samar
PH,K5,Malabon
PH,H2,Quezon
PH,50,Pampanga
PH,C2,Dapitan
PH,5,Albay
PH,63,Tarlac
PH,F8,Silay
PH,26,Davao Oriental
PH,G7,Zamboanga
PK,8,Islamabad
PK,2,Balochistan
PK,1,Federally Administered Tribal Areas
PK,4,Punjab
PK,6,Azad Kashmir
PK,7,Northern Areas
PK,5,Sindh
PK,3,North West Frontier
PL,85,Warminsko Mazurskie
PL,84,Swietokrzyskie
PL,79,Opolskie
PL,73,Kujawsko Pomorskie
PL,82,Pomorskie
PL,81,Podlaskie
PL,74,Lodzkie
PL,77,Malopolskie
PL,80,Podkarpackie
PL,83,Slaskie
PL,75,Lubelskie
PL,72,Dolnoslaskie
PL,78,Mazowieckie
PL,76,Lubuskie
PL,86,Wielkopolskie
PL,87,Zachodniopomorskie
PS,GZ,Gaza
PS,WE,West Bank
PT,6,Castelo Branco
PT,14,Lisboa
PT,10,Madeira
PT,11,Guarda
PT,5,Braganca
PT,4,Braga
PT,2,Aveiro
PT,3,Beja
PT,13,Leiria
PT,23,Azores
PT,9,Faro
PT,17,Porto
PT,16,Portalegre
PT,19,Setubal
PT,20,Viana do Castelo
PT,7,Coimbra
PT,18,Santarem
PT,8,Evora
PT,21,Vila Real
PT,22,Viseu
PY,19,Canindeyu
PY,1,Alto Parana
PY,7,Concepcion
PY,12,Misiones
PY,6,Central
PY,15,Paraguari
PY,5,Caazapa
PY,2,Amambay
PY,4,Caaguazu
PY,16,Presidente Hayes
PY,17,San Pedro
PY,23,Alto Paraguay
PY,22,Asuncion
PY,8,Cordillera
PY,24,Boqueron
PY,13,Neembucu
PY,10,Guaira
PY,11,Itapua
QA,11,Jariyan al Batnah
QA,5,Al Wakrah Municipality
QA,9,Umm Salal
QA,12,Umm Sa'id
QA,3,Al Jumaliyah
QA,10,Al Wakrah
QA,6,Ar Rayyan
QA,1,Ad Dawhah
QA,4,Al Khawr
QA,2,Al Ghuwariyah
QA,8,Madinat ach Shamal
RO,31,Salaj
RO,33,Sibiu
RO,32,Satu Mare
RO,26,Mehedinti
RO,4,Bacau
RO,34,Suceava
RO,37,Tulcea
RO,12,Caras Severin
RO,8,Braila
RO,16,Dambovita
RO,28,Neamt
RO,18,Galati
RO,9,Brasov
RO,29,Olt
RO,19,Gorj
RO,7,Botosani
RO,14,Constanta
RO,25,Maramures
RO,15,Covasna
RO,22,Ialomita
RO,30,Prahova
RO,17,Dolj
RO,36,Timis
RO,13,Cluj
RO,2,Arad
RO,20,Harghita
RO,5,Bihor
RO,27,Mures
RO,39,Valcea
RO,42,Giurgiu
RO,40,Vrancea
RO,21,Hunedoara
RO,11,Buzau
RO,35,Teleorman
RO,41,Calarasi
RO,38,Vaslui
RO,10,Bucuresti
RO,43,Ilfov
RO,3,Arges
RO,1,Alba
RO,23,Iasi
RO,6,Bistrita Nasaud
RS,2,Vojvodina
RS,1,Kosovo
RU,88,Yaroslavl'
RU,6,Arkhangel'sk
RU,93,Zabaykal'skiy Kray
RU,5,Amur
RU,52,Novgorod
RU,4,Altaisky krai
RU,13,Chelyabinsk
RU,7,Astrakhan'
RU,17,Dagestan
RU,78,Tyumen'
RU,24,Kalmyk
RU,18,Evenk
RU,19,Ingush
RU,2,Aginsky Buryatsky AO
RU,85,Vologda
RU,63,Sakha
RU,8,Bashkortostan
RU,11,Buryat
RU,48,Moscow City
RU,67,Saratov
RU,42,Leningrad
RU,58,Perm'
RU,38,Krasnodar
RU,70,Stavropol'
RU,87,Yamal Nenets
RU,28,Karelia
RU,69,Smolensk
RU,75,Tomsk
RU,89,Yevrey
RU,1,"Adygeya, Republic of"
RU,83,Vladimir
RU,26,Kamchatka
RU,64,Sakhalin
RU,12,Chechnya
RU,39,Krasnoyarsk
RU,41,Kursk
RU,80,Udmurt
RU,34,Komi
RU,47,Moskva
RU,79,Tuva
RU,29,Kemerovo
RU,56,Orel
RU,59,Primor'ye
RU,76,Tula
RU,92,Kamchatskiy Kray
RU,55,Orenburg
RU,40,Kurgan
RU,33,Kirov
RU,46,Mordovia
RU,60,Pskov
RU,74,Taymyr
RU,57,Penza
RU,50,Nenets
RU,54,Omsk
RU,91,Krasnoyarskiy Kray
RU,15,Chukot
RU,27,Karachay Cherkess
RU,14,Chita
RU,36,Koryak
RU,9,Belgorod
RU,68,North Ossetia
RU,65,Samara
RU,10,Bryansk
RU,61,Rostov
RU,44,Magadan
RU,16,Chuvashia
RU,21,Ivanovo
RU,81,Ul'yanovsk
RU,51,Nizhegorod
RU,62,Ryazan'
RU,84,Volgograd
RU,30,Khabarovsk
RU,77,Tver'
RU,32,Khanty Mansiy
RU,23,Kaliningrad
RU,22,Kabardin Balkar
RU,72,Tambovskaya oblast
RU,73,Tatarstan
RU,45,Mariy El
RU,37,Kostroma
RU,43,Lipetsk
RU,66,Saint Petersburg City
RU,3,Gorno Altay
RU,49,Murmansk
RU,25,Kaluga
RU,53,Novosibirsk
RU,86,Voronezh
RU,20,Irkutsk
RU,90,Permskiy Kray
RU,71,Sverdlovsk
RU,31,Khakass
RW,15,Sud
RW,7,Kibungo
RW,11,Est
RW,14,Ouest
RW,9,Kigali
RW,13,Nord
RW,1,Butare
RW,12,Kigali
RW,6,Gitarama
SA,13,Ha'il
SA,19,Tabuk
SA,5,Al Madinah
SA,16,Najran
SA,20,Al Jawf
SA,8,Al Qasim
SA,14,Makkah
SA,10,Ar Riyad
SA,2,Al Bahah
SA,6,Ash Sharqiyah
SA,15,Al Hudud ash Shamaliyah
SA,11,Asir Province
SA,17,Jizan
SB,11,Western
SB,7,Isabel
SB,12,Choiseul
SB,10,Central
SB,13,Rennell and Bellona
SB,3,Malaita
SB,9,Temotu
SB,6,Guadalcanal
SB,8,Makira
SC,11,Cascade
SC,3,Anse Etoile
SC,13,Grand' Anse
SC,10,Bel Ombre
SC,23,Takamaka
SC,22,Saint Louis
SC,17,Mont Buxton
SC,20,Pointe La Rue
SC,5,Anse Royale
SC,4,Anse Louis
SC,9,Bel Air
SC,8,Beau Vallon
SC,18,Mont Fleuri
SC,19,Plaisance
SC,1,Anse aux Pins
SC,6,Baie Lazare
SC,21,Port Glaud
SC,12,Glacis
SC,2,Anse Boileau
SC,14,Grand' Anse
SC,15,La Digue
SC,16,La Riviere Anglaise
SC,7,Baie Sainte Anne
SD,35,Upper Nile
SD,30,Ash Shamaliyah
SD,52,Kassala
SD,29,Al Khartum
SD,32,Bahr al Ghazal
SD,53,River Nile
SD,33,Darfur
SD,34,Kurdufan
SD,44,Central Equatoria State
SD,31,Ash Sharqiyah
SD,55,Northern Darfur
SD,28,Al Istiwa'iyah
SD,40,Al Wahadah State
SD,27,Al Wusta
SD,49,Southern Darfur
SD,50,Southern Kordofan
SE,23,Vasterbottens Lan
SE,22,Varmlands Lan
SE,26,Stockholms Lan
SE,2,Blekinge Lan
SE,24,Vasternorrlands Lan
SE,9,Kalmar Lan
SE,16,Ostergotlands Lan
SE,15,Orebro Lan
SE,12,Kronobergs Lan
SE,8,Jonkopings Lan
SE,7,Jamtlands Lan
SE,25,Vastmanlands Lan
SE,10,Dalarnas Lan
SE,6,Hallands Lan
SE,21,Uppsala Lan
SE,27,Skane Lan
SE,28,Vastra Gotaland
SE,5,Gotlands Lan
SE,3,Gavleborgs Lan
SE,14,Norrbottens Lan
SE,18,Sodermanlands Lan
SH,1,Ascension
SH,2,Saint Helena
SH,3,Tristan da Cunha
SI,J3,Markovci Commune
SI,C2,Slovenj Gradec Urban Commune
SI,I1,Krizevci Commune
SI,61,Ljubljana Urban Commune
SI,86,Odranci Commune
SI,O5,Makole
SI,74,Mezica Commune
SI,G7,Domzale Commune
SI,98,Race Fram Commune
SI,F1,Zelezniki Commune
SI,68,Lukovica Commune
SI,82,Naklo Commune
SI,39,Ivancna Gorica Commune
SI,37,Ig Commune
SI,87,Ormoz Commune
SI,O4,Log Dragomer
SI,72,Menges Commune
SI,O3,Kostanjevica na Krki
SI,7,Brda Commune
SI,40,Izola Isola Commune
SI,P7,Sveti Jurij v Slovenskih Goricah
SI,K6,Prevalje Commune
SI,J5,Miren Kostanjevica Commune
SI,19,Divaca Commune
SI,N5,Zalec Commune
SI,66,Loski Potok Commune
SI,F9,Cerkvenjak Commune
SI,62,Ljubno Commune
SI,9,Brezovica Commune
SI,B9,Skofja Loka Commune
SI,8,Brezice Commune
SI,A2,Radlje ob Dravi Commune
SI,N3,Vojnik Commune
SI,K8,Ravne na Koroskem Commune
SI,44,Kanal Commune
SI,K3,Polzela Commune
SI,E9,Zavrc Commune
SI,J7,Novo mesto Urban Commune
SI,C6,Smartno ob Paki Commune
SI,C5,Smarje pri Jelsah Commune
SI,K2,Podvelka Commune
SI,29,Gornja Radgona Commune
SI,H7,Kocevje Commune
SI,A6,Rogasovci Commune
SI,L9,Smartno pri Litiji Commune
SI,47,Kobilje Commune
SI,J6,Mirna Pec Commune
SI,G5,Dobrovnik Dobronak Commune
SI,84,Nova Gorica Urban Commune
SI,B3,Sentilj Commune
SI,F7,Braslovce Commune
SI,P2,Sentrupert
SI,91,Pivka Commune
SI,88,Osilnica Commune
SI,25,Dravograd Commune
SI,E5,Vrhnika Commune
SI,38,Ilirska Bistrica Commune
SI,H3,Horjul Commune
SI,I2,Kuzma Commune
SI,M1,Sodrazica Commune
SI,C7,Sostanj Commune
SI,27,Gorenja vas Poljane Commune
SI,O2,Gorje
SI,92,Podcetrtek Commune
SI,D2,Tolmin Commune
SI,I5,Litija Commune
SI,71,Medvode Commune
SI,L7,Sentjur pri Celju Commune
SI,N4,Vransko Commune
SI,F8,Cankova Commune
SI,52,Kranj Commune
SI,97,Puconci Commune
SI,D6,Turnisce Commune
SI,I3,Lenart Commune
SI,L3,Ruse Commune
SI,N2,Videm Commune
SI,H9,Kostel Commune
SI,J9,Piran Pirano Commune
SI,D5,Trzic Commune
SI,13,Cerknica Commune
SI,C9,Store Commune
SI,14,Cerkno Commune
SI,81,Muta Commune
SI,M3,Sveta Ana Commune
SI,99,Radece Commune
SI,M4,Sveti Andraz v Slovenskih goricah Commune
SI,53,Kranjska Gora Commune
SI,L2,Ribnica na Pohorju Commune
SI,32,Grosuplje Commune
SI,A8,Rogatec Commune
SI,34,Hrastnik Commune
SI,I4,Lendava Lendva Commune
SI,K5,Preddvor Commune
SI,45,Kidricevo Commune
SI,A1,Radenci Commune
SI,F4,Benedikt Commune
SI,24,Dornava Commune
SI,H5,Jezersko Commune
SI,N1,Verzej Commune
SI,H8,Komenda Commune
SI,17,Crnomelj Commune
SI,F3,Zrece Commune
SI,J1,Majsperk Commune
SI,C4,Slovenske Konjice Commune
SI,D8,Velike Lasce Commune
SI,J8,Oplotnica Commune
SI,D7,Velenje Urban Commune
SI,M2,Solcava Commune
SI,6,Bovec Commune
SI,G6,Dolenjske Toplice Commune
SI,B8,Skocjan Commune
SI,79,Mozirje Commune
SI,83,Nazarje Commune
SI,G3,Dobrna Commune
SI,77,Moravce Commune
SI,L8,Slovenska Bistrica Commune
SI,L1,Ribnica Commune
SI,4,Bohinj Commune
SI,15,Crensovci Commune
SI,H6,Kamnik Commune
SI,26,Duplek Commune
SI,73,Metlika Commune
SI,O6,Mirna
SI,G8,Grad Commune
SI,30,Gornji Grad Commune
SI,G2,Dobje Commune
SI,P3,Smarjesk Toplice
SI,L5,Selnica ob Dravi Commune
SI,B7,Sezana Commune
SI,D1,Sveti Jurij Commune
SI,16,Crna na Koroskem Commune
SI,57,Lasko Commune
SI,20,Dobrepolje Commune
SI,49,Komen Commune
SI,K9,Razkrizje Commune
SI,2,Beltinci Commune
SI,22,Dol pri Ljubljani Commune
SI,E1,Vipava Commune
SI,C8,Starse Commune
SI,J4,Miklavz na Dravskem polju Commune
SI,51,Kozje Commune
SI,M7,Trnovska vas Commune
SI,1,Ajdovscina Commune
SI,76,Mislinja Commune
SI,O8,Poljcane
SI,L6,Sempeter Vrtojba Commune
SI,P5,Straza
SI,G1,Destrnik Commune
SI,M6,Tisina Commune
SI,35,Hrpelje Kozina Commune
SI,D4,Trebnje Commune
SI,H2,Hodos Hodos Commune
SI,I7,Loska Dolina Commune
SI,N7,Zirovnica Commune
SI,D3,Trbovlje Commune
SI,80,Murska Sobota Urban Commune
SI,F6,Bloke Commune
SI,M5,Tabor Commune
SI,12,Cerklje na Gorenjskem Commune
SI,I9,Luce Commune
SI,N8,Zuzemberk Commune
SI,K7,Ptuj Urban Commune
SI,B1,Semic Commune
SI,G9,Hajdina Commune
SI,P4,Sredisce ob Dravi
SI,I8,Lovrenc na Pohorju Commune
SI,O9,Recica ob Savinji
SI,E3,Vodice Commune
SI,B6,Sevnica Commune
SI,94,Postojna Commune
SI,G4,Dobrova Horjul Polhov Gradec Commune
SI,H1,Hoce Slivnica Commune
SI,36,Idrija Commune
SI,A7,Rogaska Slatina Commune
SI,J2,Maribor Commune
SI,11,Celje Commune
SI,5,Borovnica Commune
SI,A3,Radovljica Commune
SI,F5,Bistrica ob Sotli Commune
SI,E6,Vuzenica Commune
SI,E7,Zagorje ob Savi Commune
SI,46,Kobarid Commune
SI,42,Jursinci Commune
SI,N9,Apace Commune
SI,31,Gornji Petrovci Commune
SI,K1,Podlehnik Commune
SI,78,Moravske Toplice Commune
SI,54,Krsko Commune
SI,28,Gorisnica Commune
SI,E2,Vitanje Commune
SI,3,Bled Commune
SI,B2,Sencur Commune
SI,B4,Sentjernej Commune
SI,P1,Rence Vogrsko
SI,55,Kungota Commune
SI,I6,Ljutomer Commune
SI,89,Pesnica Commune
SI,O7,Mokronog Trebelno
SI,H4,Jesenice Commune
SI,L4,Salovci Commune
SI,64,Logatec Commune
SI,N6,Zetale Commune
SI,M9,Velika Polana Commune
SI,50,Koper Capodistria Urban Commune
SI,M8,Trzin Commune
SI,C1,Skofljica Commune
SI,F2,Ziri Commune
SI,O1,Cirkulane Commune
SI,K4,Prebold Commune
SK,3,Kosice
SK,5,Presov
SK,8,Zilina
SK,7,Trnava
SK,1,Banska Bystrica
SK,2,Bratislava
SK,6,Trencin
SK,4,Nitra
SL,4,Western Area
SL,3,Southern
SL,1,Eastern
SL,2,Northern
SM,2,Chiesanuova
SM,1,Acquaviva
SM,9,Serravalle
SM,4,Faetano
SM,7,San Marino
SM,6,Borgo Maggiore
SM,3,Domagnano
SM,8,Monte Giardino
SM,5,Fiorentino
SN,15,Matam
SN,9,Fatick
SN,7,Thies
SN,1,Dakar
SN,11,Kolda
SN,3,Diourbel
SN,12,Ziguinchor
SN,14,Saint Louis
SN,5,Tambacounda
SN,13,Louga
SN,10,Kaolack
SO,6,Gedo
SO,16,Woqooyi Galbeed
SO,7,Hiiraan
SO,18,Nugaal
SO,21,Awdal
SO,19,Togdheer
SO,2,Banaadir
SO,4,Bay
SO,13,Shabeellaha Dhexe
SO,1,Bakool
SO,5,Galguduud
SO,8,Jubbada Dhexe
SO,14,Shabeellaha Hoose
SO,12,Sanaag
SO,10,Mudug
SO,22,Sool
SO,20,Woqooyi Galbeed
SO,11,Nugaal
SO,3,Bari
SO,9,Jubbada Hoose
SR,11,Commewijne
SR,15,Para
SR,19,Wanica
SR,17,Saramacca
SR,18,Sipaliwini
SR,16,Paramaribo
SR,10,Brokopondo
SR,12,Coronie
SR,14,Nickerie
SR,13,Marowijne
SS,10,Western Equatoria
SS,6,Unity
SS,7,Upper Nile
SS,2,Eastern Equatoria
SS,4,Lakes
SS,8,Warrap
SS,1,Central Equatoria
SS,5,Northern Bahr el Ghazal
SS,3,Jonglei
SS,9,Western Bahr el Ghazal
ST,2,Sao Tome
ST,1,Principe
SV,8,Morazan
SV,14,Usulutan
SV,1,Ahuachapan
SV,7,La Union
SV,4,Cuscatlan
SV,3,Chalatenango
SV,9,San Miguel
SV,6,La Paz
SV,12,San Vicente
SV,2,Cabanas
SV,5,La Libertad
SV,13,Sonsonate
SV,11,Santa Ana
SV,10,San Salvador
SY,10,Hamah
SY,9,Halab
SY,6,Dar
SY,1,Al Hasakah
SY,13,Dimashq
SY,4,Ar Raqqah
SY,7,Dayr az Zawr
SY,8,Rif Dimashq
SY,5,As Suwayda'
SY,12,Idlib
SY,14,Tartus
SY,3,Al Qunaytirah
SY,11,Hims
SY,2,Al Ladhiqiyah
SZ,2,Lubombo
SZ,4,Shiselweni
SZ,3,Manzini
SZ,1,Hhohho
SZ,5,Praslin
TD,6,Kanem
TD,11,Moyen Chari
TD,14,Tandjile
TD,13,Salamat
TD,5,Guera
TD,7,Lac
TD,9,Logone Oriental
TD,3,Borkou Ennedi Tibesti
TD,2,Biltine
TD,10,Mayo Kebbi
TD,12,Ouaddai
TD,8,Logone Occidental
TD,1,Batha
TD,4,Chari Baguirmi
TG,26,Savanes
TG,24,Maritime
TG,23,Kara
TG,22,Centrale
TG,25,Plateaux
TH,32,Chai Nat
TH,31,Narathiwat
TH,71,Ubon Ratchathani
TH,30,Sisaket
TH,45,Prachin Buri
TH,26,Chaiyaphum
TH,62,Phuket
TH,7,Phrae
TH,59,Ranong
TH,55,Samut Sakhon
TH,53,Nakhon Pathom
TH,56,Phetchaburi
TH,4,Nan
TH,43,Nakhon Nayok
TH,50,Kanchanaburi
TH,6,Lampang
TH,44,Chachoengsao
TH,22,Khon Kaen
TH,70,Yala
TH,16,Nakhon Sawan
TH,76,Udon Thani
TH,12,Phitsanulok
TH,74,Prachin Buri
TH,24,Maha Sarakham
TH,10,Uttaradit
TH,41,Phayao
TH,42,Samut Prakan
TH,21,Nakhon Phanom
TH,13,Phichit
TH,54,Samut Songkhram
TH,23,Kalasin
TH,67,Satun
TH,20,Sakon Nakhon
TH,52,Ratchaburi
TH,77,Amnat Charoen
TH,39,Pathum Thani
TH,46,Chon Buri
TH,60,Surat Thani
TH,73,Nakhon Phanom
TH,27,Nakhon Ratchasima
TH,69,Pattani
TH,80,Sa Kaeo
TH,58,Chumphon
TH,9,Sukhothai
TH,2,Chiang Mai
TH,49,Trat
TH,3,Chiang Rai
TH,38,Nonthaburi
TH,35,Ang Thong
TH,75,Ubon Ratchathani
TH,34,Lop Buri
TH,61,Phangnga
TH,64,Nakhon Si Thammarat
TH,11,Kamphaeng Phet
TH,5,Lamphun
TH,25,Roi Et
TH,78,Mukdahan
TH,14,Phetchabun
TH,66,Phatthalung
TH,79,Nong Bua Lamphu
TH,81,Bueng Kan
TH,40,Krung Thep
TH,8,Tak
TH,37,Saraburi
TH,65,Trang
TH,51,Suphan Buri
TH,68,Songkhla
TH,29,Surin
TH,36,Phra Nakhon Si Ayutthaya
TH,1,Mae Hong Son
TH,15,Uthai Thani
TH,57,Prachuap Khiri Khan
TH,63,Krabi
TH,72,Yasothon
TH,48,Chanthaburi
TH,18,Loei
TH,28,Buriram
TH,17,Nong Khai
TH,47,Rayong
TH,33,Sing Buri
TJ,1,Kuhistoni Badakhshon
TJ,5,Nohiyahoi Tobei Jumhuri
TJ,4,Dushanbe
TJ,3,Sughd
TJ,2,Khatlon
TL,6,Dili
TM,1,Ahal
TM,3,Dashoguz
TM,5,Mary
TM,2,Balkan
TM,4,Lebap
TN,36,Tunis
TN,32,Sfax
TN,6,Jendouba
TN,18,Bizerte
TN,3,Kairouan
TN,33,Sidi Bou Zid
TN,38,Aiana
TN,39,Manouba
TN,35,Tozeur
TN,14,El Kef
TN,27,Ben Arous
TN,22,Siliana
TN,2,Kasserine
TN,19,Nabeul
TN,23,Sousse
TN,34,Tataouine
TN,17,Bajah
TN,15,Al Mahdia
TN,10,Qafsah
TN,16,Al Munastir
TN,37,Zaghouan
TN,28,Madanin
TN,31,Kebili
TN,29,Gabes
TO,2,Tongatapu
TO,3,Vava
TO,1,Ha
TR,37,Kastamonu
TR,15,Burdur
TR,9,Aydin
TR,85,Zonguldak
TR,45,Manisa
TR,26,Eskisehir
TR,50,Nevsehir
TR,90,Kilis
TR,79,Kirikkale
TR,43,Kutahya
TR,20,Denizli
TR,82,Cankiri
TR,44,Malatya
TR,93,Duzce
TR,40,Kirsehir
TR,66,Yozgat
TR,64,Usak
TR,41,Kocaeli
TR,31,Hatay
TR,57,Sinop
TR,89,Karabuk
TR,62,Tunceli
TR,10,Balikesir
TR,88,Igdir
TR,92,Yalova
TR,58,Sivas
TR,59,Tekirdag
TR,76,Batman
TR,14,Bolu
TR,55,Samsun
TR,86,Ardahan
TR,39,Kirklareli
TR,63,Sanliurfa
TR,49,Mus
TR,53,Rize
TR,21,Diyarbakir
TR,80,Sirnak
TR,81,Adana
TR,28,Giresun
TR,68,Ankara
TR,78,Karaman
TR,65,Van
TR,75,Aksaray
TR,60,Tokat
TR,8,Artvin
TR,3,Afyonkarahisar
TR,38,Kayseri
TR,23,Elazig
TR,32,Mersin
TR,5,Amasya
TR,11,Bilecik
TR,61,Trabzon
TR,73,Nigde
TR,34,Istanbul
TR,83,Gaziantep
TR,22,Edirne
TR,84,Kars
TR,52,Ordu
TR,54,Sakarya
TR,87,Bartin
TR,91,Osmaniye
TR,46,Kahramanmaras
TR,69,Gumushane
TR,13,Bitlis
TR,71,Konya
TR,24,Erzincan
TR,17,Canakkale
TR,4,Agri
TR,16,Bursa
TR,74,Siirt
TR,77,Bayburt
TR,70,Hakkari
TR,72,Mardin
TR,25,Erzurum
TR,33,Isparta
TR,19,Corum
TR,12,Bingol
TR,48,Mugla
TR,2,Adiyaman
TR,7,Antalya
TR,35,Izmir
TT,7,Saint David
TT,6,Saint Andrew
TT,10,San Fernando
TT,8,Saint George
TT,12,Victoria
TT,11,Tobago
TT,9,Saint Patrick
TT,2,Caroni
TT,5,Port of Spain
TT,4,Nariva
TT,3,Mayaro
TT,1,Arima
TW,4,T'ai wan
TW,3,T'ai pei
TW,1,Fu chien
TW,2,Kao hsiung
TZ,11,Mtwara
TZ,24,Rukwa
TZ,22,Zanzibar North
TZ,9,Mbeya
TZ,8,Mara
TZ,13,Pemba North
TZ,27,Manyara
TZ,23,Dar es Salaam
TZ,15,Shinyanga
TZ,4,Iringa
TZ,26,Arusha
TZ,19,Kagera
TZ,6,Kilimanjaro
TZ,2,Pwani
TZ,5,Kigoma
TZ,3,Dodoma
TZ,14,Ruvuma
TZ,20,Pemba South
TZ,17,Tabora
TZ,10,Morogoro
TZ,16,Singida
TZ,21,Zanzibar Central
TZ,7,Lindi
TZ,25,Zanzibar Urban
TZ,12,Mwanza
TZ,18,Tanga
UA,5,Donets'ka Oblast'
UA,9,Khmel'nyts'ka Oblast'
UA,23,Vinnyts'ka Oblast'
UA,10,Kirovohrads'ka Oblast'
UA,14,Luhans'ka Oblast'
UA,19,Rivnens'ka Oblast'
UA,3,Chernivets'ka Oblast'
UA,22,Ternopil's'ka Oblast'
UA,27,Zhytomyrs'ka Oblast'
UA,1,Cherkas'ka Oblast'
UA,12,Kyyiv
UA,16,Mykolayivs'ka Oblast'
UA,17,Odes'ka Oblast'
UA,21,Sums'ka Oblast'
UA,7,Kharkivs'ka Oblast'
UA,25,Zakarpats'ka Oblast'
UA,6,Ivano Frankivs'ka Oblast'
UA,24,Volyns'ka Oblast'
UA,2,Chernihivs'ka Oblast'
UA,18,Poltavs'ka Oblast'
UA,15,L'vivs'ka Oblast'
UA,26,Zaporiz'ka Oblast'
UA,8,Khersons'ka Oblast'
UA,13,Kyyivs'ka Oblast'
UA,4,Dnipropetrovs'ka Oblast'
UA,20,Sevastopol'
UA,11,Krym
UG,46,Kumi
UG,56,Mubende
UG,41,Kibale
UG,36,Kalangala
UG,59,Ntungamo
UG,74,Sembabule
UG,72,Moyo
UG,94,Sironko
UG,58,Nebbi
UG,82,Kanungu
UG,66,Bugiri
UG,81,Kamwenge
UG,65,Adjumani
UG,52,Mbarara
UG,97,Yumbe
UG,88,Moroto
UG,84,Kitgum
UG,86,Mayuge
UG,71,Masaka
UG,45,Kotido
UG,33,Jinja
UG,39,Kapchorwa
UG,87,Mbale
UG,29,Bushenyi
UG,47,Lira
UG,76,Tororo
UG,38,Kamuli
UG,26,Apac
UG,43,Kisoro
UG,78,Iganga
UG,31,Hoima
UG,85,Kyenjojo
UG,61,Rakai
UG,90,Mukono
UG,73,Nakasongola
UG,83,Kayunga
UG,69,Katakwi
UG,96,Wakiso
UG,89,Mpigi
UG,91,Nakapiripirit
UG,60,Pallisa
UG,93,Rukungiri
UG,37,Kampala
UG,92,Pader
UG,42,Kiboga
UG,79,Kabarole
UG,28,Bundibugyo
UG,80,Kaberamaido
UG,67,Busia
UG,50,Masindi
UG,30,Gulu
UG,40,Kasese
UG,95,Soroti
UG,70,Luwero
UG,77,Arua
US,IN,Indiana
US,GU,Guam
US,OH,Ohio
US,MP,Northern Mariana Islands
US,MD,Maryland
US,IL,Illinois
US,IA,Iowa
US,SC,South Carolina
US,MT,Montana
US,NM,New Mexico
US,NH,New Hampshire
US,MI,Michigan
US,CT,Connecticut
US,AE,"Armed Forces Europe, Middle East, & Canada"
US,CO,Colorado
US,MN,Minnesota
US,HI,Hawaii
US,SD,South Dakota
US,NV,Nevada
US,GA,Georgia
US,MO,Missouri
US,VA,Virginia
US,AL,Alabama
US,TN,Tennessee
US,FM,Federated States of Micronesia
US,VI,Virgin Islands
US,VT,Vermont
US,NC,North Carolina
US,ND,North Dakota
US,DC,District of Columbia
US,OR,Oregon
US,ME,Maine
US,RI,Rhode Island
US,DE,Delaware
US,AA,Armed Forces Americas
US,KS,Kansas
US,ID,Idaho
US,WY,Wyoming
US,MA,Massachusetts
US,FL,Florida
US,TX,Texas
US,AK,Alaska
US,WA,Washington
US,UT,Utah
US,PA,Pennsylvania
US,AP,Armed Forces Pacific
US,AZ,Arizona
US,MH,Marshall Islands
US,NY,New York
US,CA,California
US,AS,American Samoa
US,PW,Palau
US,LA,Louisiana
US,OK,Oklahoma
US,MS,Mississippi
US,WV,West Virginia
US,NE,Nebraska
US,KY,Kentucky
US,AR,Arkansas
US,WI,Wisconsin
US,NJ,New Jersey
UY,13,Rivera
UY,14,Rocha
UY,4,Colonia
UY,15,Salto
UY,12,Rio Negro
UY,19,Treinta y Tres
UY,18,Tacuarembo
UY,10,Montevideo
UY,1,Artigas
UY,6,Flores
UY,16,San Jose
UY,11,Paysandu
UY,3,Cerro Largo
UY,17,Soriano
UY,5,Durazno
UY,2,Canelones
UY,8,Lavalleja
UY,7,Florida
UY,9,Maldonado
UZ,3,Farghona
UZ,4,Jizzakh
UZ,6,Namangan
UZ,13,Toshkent
UZ,12,Surkhondaryo
UZ,11,Sirdaryo
UZ,14,Toshkent
UZ,1,Andijon
UZ,10,Samarqand
UZ,9,Qoraqalpoghiston
UZ,8,Qashqadaryo
UZ,7,Nawoiy
UZ,15,Jizzax
UZ,5,Khorazm
UZ,2,Bukhoro
VC,2,Saint Andrew
VC,3,Saint David
VC,4,Saint George
VC,1,Charlotte
VC,5,Saint Patrick
VC,6,Grenadines
VE,19,Sucre
VE,24,Dependencias Federales
VE,13,Lara
VE,17,Nueva Esparta
VE,4,Aragua
VE,20,Tachira
VE,7,Carabobo
VE,2,Anzoategui
VE,11,Falcon
VE,25,Distrito Federal
VE,21,Trujillo
VE,14,Merida
VE,9,Delta Amacuro
VE,12,Guarico
VE,3,Apure
VE,8,Cojedes
VE,1,Amazonas
VE,15,Miranda
VE,26,Vargas
VE,22,Yaracuy
VE,16,Monagas
VE,6,Bolivar
VE,23,Zulia
VE,18,Portuguesa
VE,5,Barinas
VN,32,Son La
VN,50,Ha Giang
VN,75,Binh Duong
VN,53,Hoa Binh
VN,35,Thai Binh
VN,90,Lao Cai
VN,5,Cao Bang
VN,9,Dong Thap
VN,88,Dac Lak
VN,49,Gia Lai
VN,34,Thanh Hoa
VN,64,Quang Tri
VN,82,Nam Dinh
VN,66,Thua Thien Hue
VN,43,Dong Nai
VN,79,Hai Duong
VN,85,Thai Nguyen
VN,68,Tuyen Quang
VN,74,Bac Ninh
VN,21,Kien Giang
VN,45,Ba Ria Vung Tau
VN,92,Dien Bien
VN,91,Dak Nong
VN,24,Long An
VN,87,Can Tho
VN,73,Bac Lieu
VN,37,Tien Giang
VN,62,Quang Binh
VN,52,Ha Tinh
VN,89,Lai Chau
VN,54,Khanh Hoa
VN,55,Kon Tum
VN,13,Hai Phong
VN,23,Lam Dong
VN,83,Phu Tho
VN,39,Lang Son
VN,93,Hau Giang
VN,84,Quang Nam
VN,30,Quang Ninh
VN,70,Yen Bai
VN,72,Bac Kan
VN,59,Ninh Binh
VN,20,Ho Chi Minh
VN,65,Soc Trang
VN,60,Ninh Thuan
VN,58,Nghe An
VN,67,Tra Vinh
VN,44,Ha Noi
VN,78,Da Nang
VN,69,Vinh Long
VN,47,Binh Thuan
VN,63,Quang Ngai
VN,86,Vinh Phuc
VN,76,Binh Phuoc
VN,46,Binh Dinh
VN,77,Ca Mau
VN,33,Tay Ninh
VN,3,Ben Tre
VN,61,Phu Yen
VN,80,Ha Nam
VN,71,Bac Giang
VN,81,Hung Yen
VN,1,An Giang
VU,10,Malakula
VU,5,Ambrym
VU,11,Paama
VU,7,Torba
VU,18,Shefa
VU,8,Efate
VU,12,Pentecote
VU,17,Penama
VU,16,Malampa
VU,13,Sanma
VU,14,Shepherd
VU,9,Epi
VU,6,Aoba
VU,15,Tafea
WS,6,Va
WS,10,Tuamasaga
WS,8,Palauli
WS,4,Fa
WS,9,Satupa
WS,7,Gagaifomauga
WS,3,Atua
WS,2,Aiga i le Tai
WS,11,Vaisigano
WS,5,Gaga
YE,19,Amran
YE,24,Lahij
YE,11,Dhamar
YE,2,Adan
YE,8,Al Hudaydah
YE,16,San'a'
YE,25,Taizz
YE,14,Ma'rib
YE,17,Taizz
YE,10,Al Mahwit
YE,7,Al Bayda'
YE,3,Al Mahrah
YE,6,Lahij
YE,20,Al Bayda'
YE,22,Hajjah
YE,1,Abyan
YE,18,Ad Dali
YE,4,Hadramawt
YE,5,Shabwah
YE,9,Al Jawf
YE,23,Ibb
YE,12,Hajjah
YE,15,Sa'dah
YE,13,Ibb
YE,21,Al Jawf
ZA,11,Western Cape
ZA,3,Free State
ZA,10,North West
ZA,1,North Western Province
ZA,2,KwaZulu Natal
ZA,8,Northern Cape
ZA,6,Gauteng
ZA,7,Mpumalanga
ZA,5,Eastern Cape
ZA,9,Limpopo
ZM,9,Lusaka
ZM,1,Western
ZM,7,Southern
ZM,8,Copperbelt
ZM,5,Northern
ZM,3,Eastern
ZM,2,Central
ZM,4,Luapula
ZM,6,North Western
ZW,1,Manicaland
ZW,3,Mashonaland Central
ZW,6,Matabeleland North
ZW,10,Harare
ZW,5,Mashonaland West
ZW,2,Midlands
ZW,9,Bulawayo
ZW,4,Mashonaland East
ZW,8,Masvingo
ZW,7,Matabeleland South
